Icmeler Beach	Asia	Turkey	Mugla	Marmaris	NULL	NULL	Aegean Sea 	36.806649, 28.233148	4.8	4	7	6	2	10	4	6	5	2	0	1	5	10	0	10
Side East Beach	Asia	Turkey	Antalya	Manavgat	NULL	NULL	Mediterranean Sea 	36.765239, 31.396704	4.9	7	7	4	6	8	5	7	10	1	0	0	0	9	0	10
Side West Beach	Asia	Turkey	Antalya	Manavgat	NULL	NULL	Mediterranean Sea 	36.778907, 31.388482	4.3	6	7	4	0	9	3	6	10	0	0	0	0	10	0	10
Marmaris Beach	Asia	Turkey	Mugla	Marmaris	NULL	NULL	Aegean Sea 	36.847318, 28.260502	4.1	2	5	5	1	10	3	5	5	2	0	1	5	8	0	10
South Beach	Europe	Bulgaria	Varna	St. Konstantin and Helena	NULL	NULL	Black Sea	43.223063, 28.008393	3.8	7	5.8	3.2	1	7.4	3.2	6.5	6.7	1	0	0	0.9	4.6	0	8.8
Ao Nang Beach	Asia	Thailand	Krabi	Krabi District	Ao Nang	NULL	Andaman Sea	8.031433, 98.821432	4	6	4	2.5	1	8	3	6	9	1	0	0	3	7	0	9.5
Pai Plong Beach	Asia	Thailand	Krabi	Krabi District	Ao Nang	NULL	Andaman Sea	8.023607, 98.828682	5.1	7.5	8	8.5	7.5	4	4	7	9	1	0	0	7	8	0	5
Railay Beach West	Asia	Thailand	Krabi	Krabi District	Railay Peninsula	NULL	Andaman Sea	8.027556, 98.825686	5.5	9	6	8	7	7	5	9	9	1	0	0	7.5	9	0	5
Ton Sai Beach	Asia	Thailand	Krabi	Krabi District	Railay Peninsula	NULL	Andaman Sea	8.017931, 98.832744	4.4	9	5	8.5	6	4	5	4	4	1	0	0	7	9	0	3
Phra Nang Beach	Asia	Thailand	Krabi	Krabi District	Railay Peninsula	NULL	Andaman Sea	8.006092, 98.837198	5.1	9	8	10	3	3.5	5	9	9	2	0	1	8	9	0	0
Klong Dao Beach North	Asia	Thailand	Krabi	Ko Lanta District	Ko Lanta Yai	NULL	Andaman Sea	7.640730771977687, 99.02755272283684	4.9	8	6	4	5	8	3	7	10	2	0	0	2	9	0	9
Klong Dao Beach South	Asia	Thailand	Krabi	Ko Lanta District	Ko Lanta Yai	NULL	Andaman Sea	7.63094776807902, 99.03201591863763	3.8	7	3	3	6	8	3	3	6	2	0	0	1	6	0	9
Long Beach	Asia	Thailand	Krabi	Ko Lanta District	Ko Lanta Yai	NULL	Andaman Sea	7.611235, 99.031302	4.6	8	5	2.5	6	8	3	7	8	2	0	1	1	8	0	9
Relax Bay Beach	Asia	Thailand	Krabi	Ko Lanta District	Ko Lanta Yai	NULL	Andaman Sea	7.592958, 99.032004	4.4	8	4	4	6	7.5	3	7	8	2.5	0	1	1	5	0	9
Klong Khong Beach	Asia	Thailand	Krabi	Ko Lanta District	Ko Lanta Yai	NULL	Andaman Sea	7.574984, 99.032792	3.8	8	4	2.5	7	8	3	3	1	3	0	1	1	6	0	9
Klong Nin Beach	Asia	Thailand	Krabi	Ko Lanta District	Ko Lanta Yai	NULL	Andaman Sea	7.539867, 99.047919	4.4	8	4	2	6	7.5	3	7	9	2.5	0	1	1	6.5	0	9
Kantiang Bay Beach	Asia	Thailand	Krabi	Ko Lanta District	Ko Lanta Yai	NULL	Andaman Sea	7.497351, 99.073274	5.2	8	6	8	5	8	3.5	7	8	3	0	1.5	4	7	0	9
Nui Beach	Asia	Thailand	Krabi	Ko Lanta District	Ko Lanta Yai	NULL	Andaman Sea	7.488299, 99.079285	4.3	8	6	7	7	2.1	4	8	8	3	0	2	2	5	1	1
Klong Jark Beach	Asia	Thailand	Krabi	Ko Lanta District	Ko Lanta Yai	NULL	Andaman Sea	7.486220, 99.083319	4.2	8	6	6	6	4	4	8	8	3	0	1	1	5	0	3
Bamboo Bay Beach	Asia	Thailand	Krabi	Ko Lanta District	Ko Lanta Yai	NULL	Andaman Sea	7.497089, 99.073492	5.2	8	7	7.5	7.5	4	4	9	8	3	0	1.5	3	8	0	7
Southeast Beach	Asia	Thailand	Trang	Trang Islands	Ko Kradan	NULL	Andaman Sea	7.30594157304888, 99.25826561346184	7	9	5	6	6	6.5	6	8	8	7	7	7	5	8.5	7.5	8.5
Northeast Beach	Asia	Thailand	Trang	Trang Islands	Ko Kradan	NULL	Andaman Sea	7.3147102730405065, 99.25534737005364	5.9	8	6	4	5	7	5	8	9	5	4	4	5	9	0	9
Sunset Beach	Asia	Thailand	Trang	Trang Islands	Ko Kradan	NULL	Andaman Sea	7.309857712406182, 99.25234329595696	4.6	8	5	6	8.5	0	7	8	8	7	2.5	4	4	0	1	0
Ao Phante Melaka	Asia	Thailand	Satun	Ko Tarutao Archipelago	Ko Tarutao Island	NULL	Andaman Sea	6.698176, 99.644724	6.1	8	6	5	8	7	3	9	10	3	2	2	3	9	9	8
Ao Jak	Asia	Thailand	Satun	Ko Tarutao Archipelago	Ko Tarutao Island	NULL	Andaman Sea	6.683193, 99.641517	3.7	8	2	4	9.8	0	2	6	10	2	0	0	1	9	1	0
Ao Mo Lae	Asia	Thailand	Satun	Ko Tarutao Archipelago	Ko Tarutao Island	NULL	Andaman Sea	6.672968, 99.638506	5.6	8	6	6	9	6	3	9	9	3	1	1	2.5	8	8	5
Ao Son North	Asia	Thailand	Satun	Ko Tarutao Archipelago	Ko Tarutao Island	NULL	Andaman Sea	6.645262, 99.619305	3.4	2.5	6	4	9.7	5	2	8	2.5	2	0	0	2.5	2	3	2
NP Camping Beach	Asia	Thailand	Satun	Ko Tarutao Archipelago	Ko Adang	NULL	Andaman Sea	6.511398, 99.316144	7.2	9	8	5	6	7	7	8.5	9	7	7.1	7.1	6	5	9	8
North of NP Camp Beach	Asia	Thailand	Satun	Ko Tarutao Archipelago	Ko Adang	NULL	Andaman Sea	6.519528, 99.320868	6	9	7	7	9.5	0	7	9	9	6	6.5	6.6	6	6	1	0
North West Beach	Asia	Thailand	Satun	Ko Tarutao Archipelago	Ko Adang	NULL	Andaman Sea	6.550342, 99.275449	6.3	9	9	7	8.5	0	7	9	9	7	7	7	7	7.5	1	0
West Beach	Asia	Thailand	Satun	Ko Tarutao Archipelago	Ko Adang	NULL	Andaman Sea	6.542276, 99.279585	6.4	9	9	7.5	8.5	0	7	9	9	7	7	7	7	8	1	0
Haad Sai Khao	Asia	Thailand	Satun	Ko Tarutao Archipelago	Ko Rawi	NULL	Andaman Sea	6.558404, 99.258574	5	8	6	7	4	2	6	7	9	6	6	6	3	5	0	0
Cenang Beach	Asia	Malaysia	West Coast Islands	Langkawi Archipelago	Langkawi Island	NULL	Andaman Sea	6.290655, 99.726001	4.5	8	7	5	1	9	1	4	9	1	0	0	6	8	0	9
Thengah Beach	Asia	Malaysia	West Coast Islands	Langkawi Archipelago	Langkawi Island	NULL	Andaman Sea	6.279296538486679, 99.73007690277882	4.5	8	7	5	3	8	1	4	9	1	0	0	6	6	0	9
Harmony Camping  Beach	Asia	Malaysia	East Coast Islands	Pulau Kapas	NULL	NULL	South China Sea	5.2228448338588755, 103.26175224676263	7.1	9.1	7.3	7.9	6.6	2.6	7.1	6.3	8.6	7.3	7.4	7.2	7.6	9.1	5.8	7.4
Main Beach	Asia	Malaysia	East Coast Islands	Pulau Kapas	NULL	NULL	South China Sea	5.216348750740716, 103.26218140020501	6.1	8	7.5	6	6	7	5	7	9	3	2.5	2.5	5	8	7	8
Main Beach -Hotel Azalia	Europe	Bulgaria	Varna	St. Konstantin and Helena	NULL	NULL	Black Sea	43.23838749673276, 28.016390918637626	4	7.2	6.7	3.2	1.1	8.8	2.3	6.1	6.9	0.9	0	0.3	0.9	7.1	0	8.6
Sirius Hotel Beach	Europe	Bulgaria	Varna	St. Konstantin and Helena	NULL	NULL	Black Sea	43.23382274526997, 28.015103458310477	3.8	6.3	6.5	3.4	1.1	8.8	1.9	6.6	6.1	0.8	0	0.3	0.8	5.4	0	9
Hotel Admiral Beach	Europe	Bulgaria	Varna	Golden Sands	NULL	NULL	Black Sea	43.285696, 28.045393	4.6	9	8.5	3	1	9.5	2.5	7.5	10	1	0	0	1	7	0	9
Riviera Beach	Europe	Bulgaria	Varna	Golden Sands	NULL	NULL	Black Sea	43.274784, 28.042108	4.7	9	9	4	2.5	9	2.5	7.5	9	1	0	0	1	7.5	0	8
Ras Katy Beach	Africa	Egypt	Sinai Peninsula	Sharm-El-Sheikh	NULL	NULL	Red Sea	27.849018129859004, 34.301600574399345	5.8	2.6	4.8	7.1	6.6	8.2	9	8.8	2.3	7.9	8.2	8.4	0.8	3.4	0	9
Wild Beach-Hadaba	Africa	Egypt	Sinai Peninsula	Sharm-El-Sheikh	NULL	NULL	Red Sea	27.854633838473955, 34.29816734686028	4.9	1.3	1.3	5	3.4	7.9	9.1	7.7	1.8	8.4	8.1	8.4	0	2.3	0	9.1
Ras Um Sid Bay Beach	Africa	Egypt	Sinai Peninsula	Sharm-El-Sheikh	NULL	NULL	Red Sea	27.849094019751757, 34.30812370672356	6.2	7.1	7.6	8.2	2.8	8.4	9.4	7.8	5	7.8	8.8	8.7	0	2.5	0	9
Maya Bay Beach	Africa	Egypt	Sinai Peninsula	Sharm-El-Sheikh	NULL	NULL	Red Sea	27.86222217063928, 34.29421913519036	4.5	5	6.2	5	2.8	9.3	6	4	7.8	2.4	0.8	1.8	0.8	6	0	9
El Fanar Beach	Africa	Egypt	Sinai Peninsula	Sharm-El-Sheikh	NULL	NULL	Red Sea	27.847592, 34.314720	5.8	2.5	9	7.5	7.5	7.5	9.2	9.5	0	8.5	8	8.2	0	0	0	9
Palma Beach	Africa	Egypt	Sinai Peninsula	Sharm-El-Sheikh	NULL	NULL	Red Sea	27.852008, 34.316550	5.4	3	7.8	4	5	8	9.5	9.2	1.5	8.7	8	8	0	0.5	0	8.5
Naama Bay Beach	Africa	Egypt	Sinai Peninsula	Sharm-El-Sheikh	NULL	NULL	Red Sea	27.91214015245387, 34.328808902646415	5.6	7	8	3	2.5	10	8	8	7	4	4	4	1	7.5	0	10
Moevenpick Pesort Beaches	Africa	Egypt	Sinai Peninsula	Sharm-El-Sheikh	NULL	NULL	Red Sea	27.912915, 34.338208	6.2	3.5	10	5.5	5	10	9	9	3.5	7	7	7.5	0	7	0	8.5
Montazah Public Beach	Africa	Egypt	Sinai Peninsula	Sharm-El-Sheikh	NULL	NULL	Red Sea	27.964371, 34.412243	5.8	6.4	6.6	3.4	8.2	6.3	9.8	9.4	1.9	7.5	8.6	8.9	0	2.6	0	7.4
Milf Reef Beach	Africa	Egypt	Sinai Peninsula	Sharm-El-Sheikh	NULL	NULL	Red Sea	27.911152, 34.347578	4.3	5	5	5	10	0	9	9	2	6	5.5	5.5	0	2	0	0
Kavalikefta Beach	Europe	Greece	Ionian Islands	Lefkada	NULL	NULL	Ionian Sea	38.752385, 20.588452	5.1	8	8	8	6	2	7	8	7	2.5	0	1	9	6	2	2
Comillo Beach	Europe	Greece	Ionian Islands	Lefkada	NULL	NULL	Ionian Sea	38.721213, 20.578216	5.6	8	7.5	7	10	0	6.5	9.5	7.5	3	0	2	7.5	8	6.5	1.5
Gialos Beach	Europe	Greece	Ionian Islands	Lefkada	NULL	NULL	Ionian Sea	38.652456, 20.559282	6	8	8	9	8	1	7	9	8	2.5	0	1	9	9	8	2
Egremni Beach	Europe	Greece	Ionian Islands	Lefkada	NULL	NULL	Ionian Sea	38.637407, 20.558271	5.7	8	8	8	8.5	1	7	9	7.5	2	0	1.5	8.5	8.5	7	1
Porto Katsiki Beach	Europe	Greece	Ionian Islands	Lefkada	NULL	NULL	Ionian Sea	38.601636, 20.550077	5.2	8.5	9	9.5	5	2	7.5	9.5	9.5	2	0	1.5	9	5	0	0
Megali Petra Beach	Europe	Greece	Ionian Islands	Lefkada	NULL	NULL	Ionian Sea	38.750203, 20.587628	4.9	8	8.5	8	6	2	7	8	7.5	2	0	1	7	6	2	1
Kathisma Beach	Europe	Greece	Ionian Islands	Lefkada	NULL	NULL	Ionian Sea	38.777655, 20.600338	3.9	6	6.5	5	5	3.5	6	7	5	2	0	0	5	4	1	3
Achlada Beach North	Europe	Greece	Central Macedonia	Chalkidiki	Sithonia	NULL	Aegean Sea 	40.109792, 23.990862	4.9	5	4	7	9.5	0	7	7	5	3	0	2.5	10	3.5	8	2
Agios Georgios Beach-South	Europe	Greece	Central Macedonia	Chalkidiki	Sithonia	NULL	Aegean Sea 	40.017448, 23.846424	4.6	7	5	4	8	1	7	7	8	2.5	0	1	9	1	7	2
Lemos Beach	Europe	Greece	Central Macedonia	Chalkidiki	Sithonia	NULL	Aegean Sea 	39.93850094028647, 23.931450961972587	5.5	7	5.5	9.5	9.8	0	7	9	8	3.5	0	2.5	9	7	3	1
Paradise Beach	Europe	Greece	Central Macedonia	Chalkidiki	Sithonia	NULL	Aegean Sea 	39.999551, 23.869450	5.6	9	7.5	7.5	5	0	7	9	9	3	0	1	8	5	8.5	4
Azapiko Beach	Europe	Greece	Central Macedonia	Chalkidiki	Sithonia	NULL	Aegean Sea 	40.013229, 23.860946	4.7	7.5	7	5	6	0	7	9	8	2.5	0	1	8	5	2.5	2
Aretes Beach	Europe	Greece	Central Macedonia	Chalkidiki	Sithonia	NULL	Aegean Sea 	40.003126, 23.869359	5.1	7	6	5	5	5	6.5	8.5	6.5	5	0	1	7	5	4	5
Lagomandra Beach	Europe	Greece	Central Macedonia	Chalkidiki	Sithonia	NULL	Aegean Sea 	40.13347846791421, 23.750434034736827	5.8	7.5	8	6	6.5	7	7	8.5	9	3.5	0	2.5	7.5	7	0	7
Paradisos Beach	Europe	Greece	Central Macedonia	Chalkidiki	Sithonia	NULL	Aegean Sea 	40.09993765400334, 23.775153273018077	5.1	6.5	7	3	2.5	8.5	5	8.5	9	1	0	0	6	5	5	9
Neos Marmaras Beach	Europe	Greece	Central Macedonia	Chalkidiki	Sithonia	NULL	Aegean Sea 	40.087422, 23.792170	4.9	8	8	3	2	9	6	8.5	9.5	1	0	0	4	5	0	9
Karidi Beach	Europe	Greece	Central Macedonia	Chalkidiki	Sithonia	NULL	Aegean Sea 	40.193114, 23.808332	5.8	7	7.5	9.5	3	8	7	8.5	6.5	2.5	0	1	9	7.5	1	9
Albena Beach	Europe	Bulgaria	Dobrich	Balchik	NULL	NULL	Black Sea	43.36724723345045, 28.084188848733902	4.6	8.7	8.2	3.3	2	8.6	2	8	9.6	1.1	0	0	1.2	8.8	0	8.4
Kranevo Beach	Europe	Bulgaria	Dobrich	Balchik	NULL	NULL	Black Sea	43.34091036187399, 28.069683462381363	4.1	8	7	3	1	8.5	2	7.5	9.5	1	0	0	1	4	0	9.5
Central Beach	Europe	Bulgaria	Dobrich	Balchik	NULL	NULL	Black Sea	43.40330146086375, 28.17010536789894	NULL	NULL	NULL	NULL	NULL	NULL	NULL	NULL	NULL	NULL	NULL	NULL	NULL	NULL	NULL	NULL
Bolata Beach	Europe	Bulgaria	Dobrich	Shabla	NULL	NULL	Black Sea	43.382781872108765, 28.470521091367118	3.3	3.8	3.9	8.4	3	1	2.1	6	8.5	1.3	0	0.6	8.3	2.2	1	0.2
Rusalka Beach-North	Europe	Bulgaria	Dobrich	Shabla	NULL	NULL	Black Sea	43.419399, 28.520933	4.5	6	7	8.3	3.5	4.9	4.5	8.8	2.6	2.9	0.1	3.2	8.2	4.8	0	3.4
Rusalka Beach-South	Europe	Bulgaria	Dobrich	Shabla	NULL	NULL	Black Sea	43.41508616702854, 28.50897324111429	6	6.5	9	9	8.5	8	3	9.5	9	2	0	1	9	8	0	8
Galata Beach	Europe	Bulgaria	Varna	Varna	NULL	NULL	Black Sea	43.157938, 27.943925	3.8	6.8	6.1	5.6	4.6	0.3	2.6	7.1	6.9	1	0	1.2	4.1	2.9	0	8.1
Chernomorets Beach	Europe	Bulgaria	Varna	Varna	NULL	NULL	Black Sea	43.121037, 27.928706	4.4	7.5	5	6.5	4	3.5	2.5	6.5	9	1	0	0	4	7	1.5	7.6
Sunny Day Beach	Europe	Bulgaria	Varna	St. Konstantin and Helena	NULL	NULL	Black Sea	43.240494, 28.017302	4.6	7.8	8.1	3	3.9	9.2	2.7	7	9.8	0.8	0	0.1	1.6	6.8	0	8.9
Fichoza Beach	Europe	Bulgaria	Varna	Varna	NULL	NULL	Black Sea	43.143644, 27.940187	3.6	7	3.5	3.5	1.5	5.5	2	7	8	1	0	0	4	3.5	1.5	6.5
Pasha Dere Beach	Europe	Bulgaria	Varna	Varna	NULL	NULL	Black Sea	43.106375, 27.923641	4.1	7.7	5.7	5.5	5	0.1	2.5	7.2	8	1	0	0.5	5.3	7.9	4.2	1.6
Papaz Kulak Beach	Europe	Bulgaria	Varna	Avren	NULL	NULL	Black Sea	43.050925, 27.898735	4.6	7.5	5	6	9.5	0	2	9	9	1.5	0	0	6	7	5	1.5
Kamchia Beach	Europe	Bulgaria	Varna	Avren	NULL	NULL	Black Sea	43.0326352071219, 27.888074039365165	4.3	7.3	3.9	5	3.7	6.3	1.1	6.4	9.4	1	0	0.3	3.8	5.5	4.7	5.5
Kamchia Sands Beach	Europe	Bulgaria	Varna	Dolni Chiflik	NULL	NULL	Black Sea	43.007910965132375, 27.88924241118366	4	8.5	5	5	9.8	0	1	7	10	1	0	0	3.5	8	1	0
Shkorpilovtsi Beach	Europe	Bulgaria	Varna	Dolni Chiflik	NULL	NULL	Black Sea	42.960895, 27.897511	4.2	8	4	3.5	5	5	1	7.5	9	1	0	0	2	7	4	6
Durankulak Beach-South	Europe	Bulgaria	Dobrich	Shabla	NULL	NULL	Black Sea	NULL	4.2	8	6	3.5	8.5	3	1	8	9	1	0	0	1	7	5	2.5
Krapets Beach	Europe	Bulgaria	Dobrich	Shabla	NULL	NULL	Black Sea	43.64439851245509, 28.57262635283405	4.1	8	7	4.5	7.5	0	1	9	9	1	0	0	2	7	3	2
Ezerets Beach	Europe	Bulgaria	Dobrich	Shabla	NULL	NULL	Black Sea	43.58928142764236, 28.57162964239251	4.1	8	5.5	4.5	8.5	0	1.5	8.5	9	1	0	0	3	7	3	2
Camping Dobrudja Beach	Europe	Bulgaria	Dobrich	Shabla	NULL	NULL	Black Sea	43.57000649753469, 28.58562004461419	5.2	8	7.5	4.5	5	7	1.5	8.5	9	1	0	0	2	8.5	7.5	8.5
Kabakum Beach	Europe	Bulgaria	Varna	Golden Sands	NULL	NULL	Black Sea	43.2547052496177, 28.030381320859306	3.5	7.1	4.3	2.9	0.8	8.1	1.8	5.5	8.5	0.5	0	0	1.2	2.7	0	8.4
Asparuhovo Beach	Europe	Bulgaria	Varna	Varna	NULL	NULL	Black Sea	43.177074, 27.912367	3.7	6.6	6.3	4.1	2.2	6.5	0.6	3.4	8.7	0.9	0	0	1.8	6.7	0	7
South Beach	Europe	Bulgaria	Varna	Varna	NULL	NULL	Black Sea	43.197918127289206, 27.921805499936454	4.2	8	7.5	1.5	0.5	9.5	1	7	8	0.5	0	0	0	10	0	10
Officers Beach	Europe	Bulgaria	Varna	Varna	NULL	NULL	Black Sea	43.209115, 27.938426	3.6	7.2	5.7	1.6	0.3	7.8	1.4	3.4	8.4	0.5	0	0	1.9	7.4	0	8.1
Rapongi Beach	Europe	Bulgaria	Varna	Varna	NULL	NULL	Black Sea	43.20936736532042, 27.94060242071282	4	8	8	3	1	8	1.5	6	7	1	0	0	1	7.5	0	7.5
Ras Gamila Beaches	Africa	Egypt	Sinai Peninsula	Sharm-El-Sheikh	NULL	NULL	Red Sea	27.972180, 34.425959	7	8	9.4	4.2	7	9	9.4	8.8	5.3	8	9.1	9	0.9	8.3	0	8.2
Ras Nasrani Beaches	Africa	Egypt	Sinai Peninsula	Sharm-El-Sheikh	NULL	NULL	Red Sea	27.964653, 34.417546	6.5	8	9	4.3	6.6	9	8.9	8.5	1.9	8	8.4	8.2	0	8.2	0	8.1
Montazah-Laguna Beach	Africa	Egypt	Sinai Peninsula	Sharm-El-Sheikh	NULL	NULL	Red Sea	27.976362373007422, 34.42562591924798	3.8	5	1.5	3	8.5	1	6.5	6	5	4	4	4	1	5	0	2
Irakli Beach	Europe	Bulgaria	Bourgas	Nesebar	NULL	NULL	Black Sea	42.74776853197876, 27.88958573131822	4.6	7.6	6.3	5.3	5.6	5	1.7	8.1	7.5	0.9	0	0.3	2.7	8.2	5.3	4.2
Elenite Beach	Europe	Bulgaria	Bourgas	Nesebar	NULL	NULL	Black Sea	42.70293823536686, 27.81262886550394	4.8	8	8.5	5.5	3	9	2	8	7.5	1	0	0	2	8.5	0	9.5
Veleka Beach	Europe	Bulgaria	Bourgas	Tsarevo	NULL	NULL	Black Sea	42.06796430690131, 27.970986484433524	5.7	8.5	7.5	8.9	4	8.5	1.5	7.5	8.5	1.5	0	0	9	8.8	1.5	9.3
Butamyata Beach	Europe	Bulgaria	Bourgas	Tsarevo	NULL	NULL	Black Sea	42.05470989955781, 27.986521839047782	5.2	8	7.5	5	3.5	9	2.5	8.5	8	1.6	0	1	8.5	6	0	9
Lipite Beach	Europe	Bulgaria	Bourgas	Tsarevo	NULL	NULL	Black Sea	42.04712560497182, 27.991104125976562	4.4	8	6	7	7.5	0	1.5	8.5	8	1.5	0	0	8.5	8	1	1
Listi Beach	Europe	Bulgaria	Bourgas	Tsarevo	NULL	NULL	Black Sea	42.03380309645916, 28.00446045359422	4.5	7.5	5.5	7.5	8.5	0	2	8.5	7	1.5	0	0	8.5	8.5	2	1
Silistar Beach	Europe	Bulgaria	Bourgas	Tsarevo	NULL	NULL	Black Sea	42.02245445317188, 28.00978195562493	5	8.5	8	8.5	5	2.5	3	8.5	8.5	2	0	1.5	9.5	9.2	0	0
Ahtopol Beach	Europe	Bulgaria	Bourgas	Tsarevo	NULL	NULL	Black Sea	42.101534001006875, 27.92987358465325	5	7.5	7.5	4	1	9	2	7.5	5	1.5	0	0	8	5	8.5	9
Nestinarka Beach	Europe	Bulgaria	Bourgas	Tsarevo	NULL	NULL	Black Sea	42.15767731234958, 27.86695968999993	4.6	8	8	4	3.5	8.5	2	7	6	1.5	0	0	7	5	0	9
Varvara Beach	Europe	Bulgaria	Bourgas	Tsarevo	NULL	NULL	Black Sea	42.12776586721202, 27.90747177627054	4.5	5	6	6.5	6	1	3	8.5	3.5	2	0	2	9	7.5	1	7
Arapya Beach	Europe	Bulgaria	Bourgas	Tsarevo	NULL	NULL	Black Sea	42.18852856245204, 27.83700477972161	4.5	7.5	4	6	0.5	6	1.5	4	7	1	0	1	8	5	7.5	8.5
Oazis Beach	Europe	Bulgaria	Bourgas	Tsarevo	NULL	NULL	Black Sea	42.20073768278164, 27.818894504453056	5.4	8	8	4	5.5	9	2	8.5	7.5	1	0	0	7	6	7	7.5
Coral Beach	Europe	Bulgaria	Bourgas	Tsarevo	NULL	NULL	Black Sea	42.216885708875864, 27.79005539312493	5.5	8	7	6.6	5	7.5	2.5	7.5	7.5	1	0	0	5	7.5	8	8.8
Lozenets Beach	Europe	Bulgaria	Bourgas	Tsarevo	NULL	NULL	Black Sea	42.20061051702569, 27.81906616583001	4.4	8	7	3.5	1	9	2	7	8.5	1	0	0	5	5	0	9
Kiten - South Beach	Europe	Bulgaria	Bourgas	Primorsko	NULL	NULL	Black Sea	42.230805296352735, 27.77646088390611	4.8	8.5	7	4	0.5	9	2.5	7.5	9.5	1	0	0	3	6	5	9
Atliman Beach	Europe	Bulgaria	Bourgas	Primorsko	NULL	NULL	Black Sea	42.24110000474868, 27.769594428827986	4.3	7.7	5.1	5.1	1.3	7.7	2.5	6.7	8.6	1.1	0	0.2	2.6	6.9	0	8.7
Primorsko Beach-South	Europe	Bulgaria	Bourgas	Primorsko	NULL	NULL	Black Sea	42.25406132083178, 27.75105500011705	5	8.8	7.5	4.5	4.5	8.4	2.5	8.5	9.6	1	0	0	2	8.7	0	9.5
Primorsko Beach-North	Europe	Bulgaria	Bourgas	Primorsko	NULL	NULL	Black Sea	42.27807082901976, 27.75407838926185	4.9	8.4	7.1	4.8	3.8	8.3	3.4	7.7	8.9	0.9	0	0	2.5	8.2	0.5	8.5
Pasandigan Beach	Asia	Philippines	Luzon	Bacuit Archipelago	Cadlao Island	NULL	South China Sea	11.205423, 119.363944	6.8	9.3	8.3	8.5	9.3	0	9	9	9	5	5	5	10	8	5	1
Papaya Beach-El Nido	Asia	Philippines	Luzon	Palawan Islands	Palawan Isl. Coastline	NULL	South China Sea	11.172844466367344, 119.38152801885735	6.6	9.3	7	9	7	2	8	7	6	6	6.5	6.5	10	5	6	4
7 Commandos Beach-El Nido	Asia	Philippines	Luzon	Palawan Islands	Palawan Isl. Coastline	NULL	South China Sea	11.173565, 119.379083	6.2	9	7.5	7.5	6	7	7.5	7	8.5	4	4	4	10	5.5	0	6
Ipil Beach-El Nido	Asia	Philippines	Luzon	Palawan Islands	Palawan Isl. Coastline	NULL	South China Sea	11.180976, 119.374987	6.2	9.5	8	10	9.3	0	7.5	9	8.5	4	4	4	10	7.5	1	0
Paradise Beach	Asia	Philippines	Luzon	Bacuit Archipelago	Cadlao Island	NULL	South China Sea	11.199134, 119.376739	6.3	9	8	10	9	0	8	8	9.5	5	5	5	10	8	0	0
Corong Corong Beach-El Nido	Asia	Philippines	Luzon	Palawan Islands	Palawan Isl. Coastline	NULL	South China Sea	11.168629, 119.395349	3.1	4	0.1	9	5.5	5	3	1.5	6.5	2.5	0.1	0	8.5	0.5	0	1
Marimegmeg Beach-El Nido	Asia	Philippines	Luzon	Palawan Islands	Palawan Isl. Coastline	NULL	South China Sea	11.147057, 119.396960	4.9	7.8	7	8.7	6	3	5	7.5	8.5	3	0.5	0.5	7	7	0	2
Pinagbuyatan Island Beach	Asia	Philippines	Luzon	Bacuit Archipelago	Pinagbuyatan Island	NULL	South China Sea	11.119990, 119.394713	5.9	9.2	7.5	8.5	9	1	9	8.3	9	4	4	4	9.3	6	0	0
Port Barton Beach	Asia	Philippines	Luzon	Palawan Islands	Palawan Isl. Coastline	NULL	South China Sea	10.414404, 119.178010	4.4	7	3	6	7	7	2	3.5	8.5	2.5	0	0	8.5	5	0	6.5
White Beach-Port Barton	Asia	Philippines	Luzon	Palawan Islands	Palawan Isl. Coastline	NULL	South China Sea	10.405599, 119.155353	5.4	8.3	7.5	6.5	8.5	5	5	7.5	7.5	4.5	1.5	1.5	8.4	5	0	4
Inoladoan Island Beach	Asia	Philippines	Luzon	Palawan Islands	Inoladoan Island	NULL	South China Sea	10.461011, 119.153285	6.9	9.1	8.8	8.7	8.5	1	9	9	9	7	5.3	6.3	9.7	3.5	7	1.5
Pristine Beach-Puerto Princesa	Asia	Philippines	Luzon	Palawan Islands	Palawan Isl. Coastline	NULL	South China Sea	9.727064, 118.756385	1.9	3.5	0.5	0.5	5	5	1	1	8.5	0	0	0	0	1	0	2
Dayang Beach	Asia	Philippines	Mindanao	Davao Region Islands	Talicud Island	NULL	Celebes Sea	6.949512, 125.668774	7.1	7	7	6	6.5	5.5	8	8	8	7	7.3	7.3	7	7	7	7.5
San Remegio Beach	Asia	Philippines	Mindanao	Davao Region Islands	Samal Island	NULL	Celebes Sea	6.921311, 125.777376	6.8	6	6	6	7.5	6.5	8	8	8	6	6	6	6	5.5	8.5	7.5
Isla Reta Beach	Asia	Philippines	Mindanao	Davao Region Islands	Talicud Island	NULL	Celebes Sea	6.936518, 125.720669	6.3	8.8	8.5	5	5	6.5	8	7	8.5	3.5	3	3.5	6.5	5	8	7
Linosutan White Sand Beach	Asia	Philippines	Mindanao	Davao Region Islands	Talicud Island	NULL	Celebes Sea	6.934009967092523, 125.67729484930169	6.2	8.5	4	4.5	9.5	0	7	8.5	8	5	9	9	4	8	1	6.5
Kaputian Beach	Asia	Philippines	Mindanao	Davao Region Islands	Samal Island	NULL	Celebes Sea	6.965071, 125.722816	3.4	8	3.5	3.5	2	7	6	2	7	3.5	0	0	3	2	1	3
Penaplata Beaches	Asia	Philippines	Mindanao	Davao Region Islands	Samal Island	NULL	Celebes Sea	7.076657, 125.701718	3.4	8	7.7	3	5	8	1.5	1.5	8.5	1	0	0	1	1	0	5
Canibad Beach	Asia	Philippines	Mindanao	Davao Region Islands	Samal Island	NULL	Celebes Sea	7.090071, 125.784668	3.9	5	3.5	4.5	9.5	5.5	6	2.5	4	3.5	3	3	2	3.5	2.5	1
Talisay Beach	Asia	Philippines	Mindanao	Davao Region Islands	Samal Island	NULL	Celebes Sea	6.899589, 125.756831	3.5	6	0.5	2	6.5	0.5	7	5.5	4	4.5	4.5	4.5	4.5	1.5	0.5	0
Isla Jardin Del Mar Beach	Asia	Philippines	Mindanao	Soccsksargen	Sarangani	NULL	Celebes Sea	5.770576, 125.194358	7.5	9	9.2	7	6	7.8	9	9.3	7	7	8	8.2	0	7.5	9.5	7.5
Salonikios Beach	Europe	Greece	Eastern Macedonia and Thrace	Thasos	NULL	NULL	Aegean Sea 	40.572049, 24.643508	4.6	6	5.5	6.5	6.5	1.5	6	9	4.5	3.5	0	2.5	8	5	3.5	1
Trypiti Beach	Europe	Greece	Eastern Macedonia and Thrace	Thasos	NULL	NULL	Aegean Sea 	40.623526, 24.543288	5.3	7.3	8.5	4.5	6.5	8	6	8.5	4.5	3	0	3	4	6.5	0	8.5
Orange Beach	Europe	Greece	Central Macedonia	Chalkidiki	Sithonia	NULL	Aegean Sea 	40.126777, 23.969520	4.2	5	5	8.3	2	1.5	6	8	4.5	3	0	2.8	7.5	2	3.5	3.5
South East Beach	Asia	Thailand	Satun	Ko Tarutao Archipelago	Muko Dong	NULL	Andaman Sea	6.516721, 99.177279	5.1	8	8	7	6	0	7	10	6.5	7	8.1	8	0.5	0	0	0
Monkey Beach	Asia	Thailand	Satun	Ko Tarutao Archipelago	Muko Dong	NULL	Andaman Sea	6.527687, 99.174291	4.7	7	8	5.5	7.5	0	6	9	8	6	6	6	0.5	0.5	0	0
Ko Lugoi Beach	Asia	Thailand	Satun	Ko Tarutao Archipelago	Muko Dong	NULL	Andaman Sea	6.520736, 99.186972	5	9.1	8	7	5	0	7	9	8.1	7	7	7	0.5	0.5	0	0
Black stone Beach	Asia	Thailand	Satun	Ko Tarutao Archipelago	Ko Hin Ngam	NULL	Andaman Sea	6.514783, 99.261717	3.1	0	6	6	2	0	6	7	1	5.5	6	6	1	0.1	0	0
Ko Hin Ngam-Snorkelling spot	Asia	Thailand	Satun	Ko Tarutao Archipelago	Ko Hin Ngam	NULL	Andaman Sea	6.513170, 99.261925	6.7	NULL	NULL	NULL	NULL	NULL	7	9	1	7	8.2	8	NULL	NULL	NULL	NULL
Cha Bang snorkelling spot	Asia	Thailand	Satun	Ko Tarutao Archipelago	Ko Adang	NULL	Andaman Sea	6.514305, 99.270587	5.4	NULL	NULL	NULL	NULL	NULL	7	9	0	5	5.7	5.4	NULL	NULL	NULL	NULL
Sunrise Beach North	Asia	Thailand	Satun	Ko Tarutao Archipelago	Ko Lipe	NULL	Andaman Sea	6.495921, 99.306488	6.7	9.1	8	5.5	5	8.1	7	9	10	4	5	5.5	8.7	7	0	9
Sunrise Beach South	Asia	Thailand	Satun	Ko Tarutao Archipelago	Ko Lipe	NULL	Andaman Sea	6.489312, 99.310045	5.7	9	5	5	1	8	6	5	9	4	6.2	6	9	4	0	9
Sunset Beach	Asia	Thailand	Satun	Ko Tarutao Archipelago	Ko Lipe	NULL	Andaman Sea	6.492369, 99.300452	5.6	8	5	5	3	8	6	7	6	4	4.2	4.2	9	4	1	9
Long Bay Beach	Asia	Thailand	Satun	Ko Tarutao Archipelago	Ko Lipe	NULL	Andaman Sea	6.493890, 99.303008	5.7	8.1	5.7	5	5	8	6	8	6	4	3.3	3.8	9	5	0	9
Pattaya Beach	Asia	Thailand	Satun	Ko Tarutao Archipelago	Ko Lipe	NULL	Andaman Sea	6.487350, 99.300665	4.6	9.1	6	5	0	8	6	5	9.4	2	1.8	1.6	3	4	0	8.5
Lamai Beach	Asia	Thailand	Surat Thani	Ko Samui District	Ko Samui	Maret	Gulf of Thailand	9.465345, 100.046821	4.1	8	6	4	1.5	10	2	4	8	1.3	0	0	1	6	0	10
Coral Cove Beach	Asia	Thailand	Surat Thani	Ko Samui District	Ko Samui	Bo Phut	Gulf of Thailand	9.490666, 100.061451	3.9	7.2	5	6	2.5	6	3	5	7	2	1	1	2	2	0	9
Silver Beach	Asia	Thailand	Surat Thani	Ko Samui District	Ko Samui	Maret	Gulf of Thailand	9.477605, 100.066873	4.6	8	7	6.3	3.3	6	3	5	7.5	2	1	1	5	5	0	8.6
Caweng Beach	Asia	Thailand	Surat Thani	Ko Samui District	Ko Samui	Bo Phut	Gulf of Thailand	9.533169, 100.069200	3.8	8	5	3	1	10	2	4.1	8.3	1	0	0	1	3	0	10
Maenam Beach	Asia	Thailand	Surat Thani	Ko Samui District	Ko Samui	Mae Nam	Gulf of Thailand	9.571022, 99.997965	4.3	7.2	5	4.2	2.5	9	2	4	8.4	5	1	0	1	5	0	10
Bophut Beach	Asia	Thailand	Surat Thani	Ko Samui District	Ko Samui	Bo Phut	Gulf of Thailand	9.561039, 100.028007	3.7	6.8	6.2	2	3.3	9	1.5	4	6.5	1	0	0	1	5	0	9.3
NP Camp Beach	Asia	Thailand	Surat Thani	Angthong Marine Park	Ko Wua Talap	NULL	Gulf of Thailand	9.635357, 99.671728	4.5	8.1	7.2	8.5	3.5	6	2	7	6	2	1	0.5	7.8	3	4	1.5
Mai Ngam Beach	Asia	Thailand	Phang Nga	Surin Islands	Ko Surin Nuea	NULL	Andaman Sea	9.434402, 97.859741	6.8	9.2	8	7.5	6.5	6	7	8.8	6	4.5	3	5	6	7	9	8
Mai Ngam-Snorkelling spot	Asia	Thailand	Phang Nga	Surin Islands	Ko Surin Nuea	NULL	Andaman Sea	9.438060, 97.855639	5	NULL	NULL	NULL	NULL	NULL	7	8.3	0	5	5	5	NULL	NULL	NULL	NULL
Navi Base Beach	Asia	Thailand	Phang Nga	Surin Islands	Ko Surin Nuea	NULL	Andaman Sea	9.430164, 97.866501	6.7	9.1	7.8	8	9.1	0	7	9	9	5	3	5	5	7.5	8	7.5
Chong Khad Beach	Asia	Thailand	Phang Nga	Surin Islands	Ko Surin Nuea	NULL	Andaman Sea	9.423361, 97.868574	6.5	8.2	8	8.4	6	6	7	8	8.5	5	3	4	6	4	7.3	8
Ao Sabparod	Asia	Thailand	Phang Nga	Surin Islands	Ko Surin Tai	NULL	Andaman Sea	9.401082, 97.876136	5.8	8.5	7	6	9.5	0	9	9.5	7	7	7	7	7	3	0	0
Ao Tao - Snorkelling spot	Asia	Thailand	Phang Nga	Surin Islands	Ko Surin Tai	NULL	Andaman Sea	9.391066, 97.881481	5.2	8.8	7	6	9.5	0	9.3	5	6.5	6	6	6	7	1.5	0	0
Hin Kong-Snorkelling spot	Asia	Thailand	Phang Nga	Surin Islands	Ko Surin Tai	NULL	Andaman Sea	9.396018, 97.895017	4.8	NULL	NULL	NULL	NULL	NULL	9	9	0	4	3	3.5	NULL	NULL	NULL	NULL
Hlam Mae Yai-Snorkelling spot	Asia	Thailand	Phang Nga	Surin Islands	Ko Surin Nuea	NULL	Andaman Sea	9.426355, 97.897389	5.7	NULL	NULL	NULL	NULL	NULL	8	8	0	6	6	6	NULL	NULL	NULL	NULL
Hlam Sai Ean-Snorkelling spot	Asia	Thailand	Phang Nga	Surin Islands	Ko Surin Nuea	NULL	Andaman Sea	9.444509, 97.900287	6.5	NULL	NULL	NULL	NULL	NULL	9	9	0	7	7	7	NULL	NULL	NULL	NULL
Hlam Chong Khat-Snork spot	Asia	Thailand	Phang Nga	Surin Islands	Ko Surin Nuea	NULL	Andaman Sea	9.415433, 97.877615	6.6	NULL	NULL	NULL	NULL	NULL	9	9	0	7	7.2	7.1	NULL	NULL	NULL	NULL
Ko Yang Snorkelling spot	Asia	Thailand	Satun	Ko Tarutao Archipelago	Ko Yang	NULL	Andaman Sea	6.541461, 99.262539	4.1	NULL	NULL	NULL	NULL	NULL	6	8.2	0	3	4	3.7	NULL	NULL	NULL	NULL
Ko Ra Ba Snorkeling spot	Asia	Thailand	Satun	Ko Tarutao Archipelago	Muko Dong	NULL	Andaman Sea	6.540293, 99.165190	5.7	NULL	NULL	NULL	NULL	NULL	7	9.5	1	6	5	5.5	NULL	NULL	NULL	NULL
Ko Palai Snorkelling spot	Asia	Thailand	Satun	Ko Tarutao Archipelago	Muko Dong	NULL	Andaman Sea	6.506126, 99.178093	5.6	NULL	NULL	NULL	NULL	NULL	7	8.8	0	6	6	6	NULL	NULL	NULL	NULL
Khuk Khak Beach	Asia	Thailand	Phang Nga	Takua Pa District	NULL	NULL	Andaman Sea	8.677807, 98.241269	5.5	8.4	8	3.3	8.7	8.5	2.5	8	9.7	2	0	0	3.5	10	0	9.5
Bang Niang Beach	Asia	Thailand	Phang Nga	Takua Pa District	NULL	NULL	Andaman Sea	8.663405, 98.244851	5.4	8	8.3	3	7	9.2	2.6	8.2	9.1	2	0	0	3.5	10	0	9.7
Nang Thong Beach	Asia	Thailand	Phang Nga	Takua Pa District	NULL	NULL	Andaman Sea	8.644954, 98.246202	5	7.4	7.8	3.5	7	9.6	2	5.5	7.3	2	0	0	4	10	0	9.5
Trakata Beach	Europe	Bulgaria	Varna	Varna	NULL	NULL	Black Sea	43.219405, 27.981452	2.4	7	6.5	1.5	2	3.5	2	7	1.5	1.5	0	0	1	1	0	2
Turtle Bay-Reef- Beaches	Africa	Egypt	Sinai Peninsula	Sharm-El-Sheikh	NULL	NULL	Red Sea	27.863028, 34.320363	NULL	NULL	NULL	NULL	NULL	NULL	NULL	NULL	NULL	NULL	NULL	NULL	NULL	NULL	NULL	NULL
Turtle Reef-Beaches	Africa	Egypt	Sinai Peninsula	Sharm-El-Sheikh	NULL	NULL	Red Sea	27.863028, 34.320363	6.4	5	9.2	5	8.2	9.2	8.5	9.5	1	8	7.5	7.5	0	8.5	0	8.2
Wild Beach-Harbor	Africa	Egypt	Sinai Peninsula	Sharm-El-Sheikh	NULL	NULL	Red Sea	27.853809, 34.291062	3.4	3.5	1.7	2	8	0	8.5	6	3.5	7	5	5.5	0	1	0	0
Reef Beach	Africa	Egypt	Sinai Peninsula	Sharm-El-Sheikh	NULL	NULL	Red Sea	27.871046, 34.322806	5.3	2	7.8	5	4	8	9	9.2	0	8	8.2	8.1	0	0	0	9.5
White Knight Reef Beaches	Africa	Egypt	Sinai Peninsula	Sharm-El-Sheikh	NULL	NULL	Red Sea	27.961886, 34.399889	6.2	7.3	9	6.5	4	8.5	9.5	8.5	1.5	9.2	8.6	8.9	0	3.7	0	8.1
Mousa Bay Beach-Nabk	Africa	Egypt	Sinai Peninsula	Sharm-El-Sheikh	NULL	NULL	Red Sea	28.066453, 34.432883	4.5	6.8	7	2.6	8.4	5	7.5	8	9.5	2	0	0.5	0	5	0	5
Adaaran Prestige Vadoo Resort	Asia	Maldives	Kaafu Atoll	Vaadhoo	NULL	NULL	Indian Ocean	6.642782900356179, 76.31858825683594	NULL	NULL	NULL	NULL	NULL	NULL	NULL	NULL	NULL	NULL	NULL	NULL	NULL	NULL	NULL	NULL
Playa del Duque	Europe	Spain	Canary Islands	Tenerife	Adeje	NULL	Atlantic Ocean	28.091455, -16.744336	5.3	7.8	8.7	5	3	10	7	8.6	5.5	2	0	1.5	0.5	10	0	10
Playa Fanabe	Europe	Spain	Canary Islands	Tenerife	Adeje	NULL	Atlantic Ocean	28.086899, -16.737907	5.2	5	8.5	3.6	3	10	7.6	8.5	6.1	3	0	2.5	0	10	0	10
Playa Torviscas	Europe	Spain	Canary Islands	Tenerife	Adeje	NULL	Atlantic Ocean	28.083107, -16.735998	6	9	9	5	2.5	9.5	8.6	8.1	8.1	3.1	0	7	0	9.8	0	10
Nissi Beach-Ayia Napa	Europe	Cyprus	Famagusta	NULL	NULL	NULL	Mediterranean Sea 	34.987966, 33.968786	5.3	8.5	8.2	4.4	1	9.5	6	8	9.8	1.4	0	1	4	8.3	0	9.3
Linda Beach-Ayia Napa	Europe	Cyprus	Famagusta	NULL	NULL	NULL	Mediterranean Sea 	34.987350, 33.958833	5.5	8.8	8.5	4	2.8	9.5	6.3	8.3	8.8	1.5	0	1.5	4	8.5	0	9.6
Makronissos Beach-Ayia Napa	Europe	Cyprus	Famagusta	NULL	NULL	NULL	Mediterranean Sea 	34.982357, 33.955023	5.6	9	8.5	6	4	9.3	7	8.5	7.7	1	0	1.5	4	9	0	9
Konnos Beach-Protaras	Europe	Cyprus	Famagusta	NULL	NULL	NULL	Mediterranean Sea 	34.983899, 34.069618	5.2	8.2	7.8	5	3.8	7.7	5	8.4	8.8	1.5	0	2.3	1.5	9.3	0	8.3
Fig Tree Beach-Protaras	Europe	Cyprus	Famagusta	NULL	NULL	NULL	Mediterranean Sea 	35.012742, 34.059046	4.9	8.1	8.3	3.8	2.7	9.2	4.5	8.2	9	1	0	1	3.3	5	0	9.5
Pernera Beach-Protaras	Europe	Cyprus	Famagusta	NULL	NULL	NULL	Mediterranean Sea 	35.016006, 34.054536	4.6	8.2	7	2.5	2.8	9	5	7	8.3	1	0	0	1	8.4	0	9.5
Puerto Colon beach	Europe	Spain	Canary Islands	Tenerife	Adeje	NULL	Atlantic Ocean	28.080001, -16.735437	5.1	6.6	7.5	2.7	2.6	9.7	6.5	8.8	8	2.3	0	2.8	0	9.7	0	9.8
Ayia Thekla Beach-Ayia Napa	Europe	Cyprus	Famagusta	NULL	NULL	NULL	Mediterranean Sea 	34.978852, 33.934827	4.3	8.2	7.5	3.3	5	7.7	5	7.5	6	1	0	1	3	4	0	6
Green Bay Beach-Protaras	Europe	Cyprus	Famagusta	NULL	NULL	NULL	Mediterranean Sea 	34.999785, 34.066580	5.2	7.7	7.8	5	5.5	8.3	6.5	8.7	7.5	3	0	3	1.5	5	0	8.8
Vathia Gonia Beach	Europe	Cyprus	Famagusta	NULL	NULL	NULL	Mediterranean Sea 	34.987144, 33.979451	4.6	7.8	5.7	4	3.2	10	5.5	5	6	1	0	1	1	9.2	0	10
Playa Camison	Europe	Spain	Canary Islands	Tenerife	Adeje	NULL	Atlantic Ocean	28.052973, -16.731079	4.6	7	8.5	3	5	10	2	5	5	2	0	2	0	10	0	10
Glyki Nero Besh-Ayia Napa	Europe	Cyprus	Famagusta	NULL	NULL	NULL	Mediterranean Sea 	34.984116, 34.012265	5.2	7.9	7.4	3.7	3.3	9.7	5.3	7.4	8.7	2.2	0	2	1.6	9.5	0	10
Pantachou Beach-Ayia Napa	Europe	Cyprus	Famagusta	NULL	NULL	NULL	Mediterranean Sea 	34.984244, 34.007930	5.1	8.7	7.8	3.8	1.7	10	5	7.5	9.3	1.5	0	1	1	8.9	0	10
Playa de El Bobo	Europe	Spain	Canary Islands	Tenerife	Adeje	NULL	Atlantic Ocean	28.071871, -16.732944	4.5	7.1	7.6	3.6	3	8.9	5.1	7.6	2.6	2.2	0	3.5	0	8	0	8.6
Coral Bay Beach	Europe	Cyprus	Paphos	NULL	NULL	NULL	Mediterranean Sea 	34.854137, 32.369383	4.6	7	5	4.4	3	9.3	5	5.5	8.4	1.3	0	1	2.5	7	0	9.7
Finikoudes Beach	Europe	Cyprus	Larnaca	NULL	NULL	NULL	Mediterranean Sea 	34.913677, 33.638696	4.7	6.5	8.2	3	2	10	4.5	7.5	8.6	1	0	0.5	1	8.1	0	10
Mackenzie Beach	Europe	Cyprus	Larnaca	NULL	NULL	NULL	Mediterranean Sea 	34.887840, 33.637253	4.5	7	6.5	2.5	3	8.1	4.6	7.3	8.8	1	0	0	1	8	0	9.1
Ligaria Beach	Europe	Greece	Crete	Heraklion	NULL	NULL	Mediterranean Sea 	35.398878, 25.027114	4.5	5.4	6.4	4.5	5	8.5	6	8.1	2	2.5	0	2.3	5.7	3.7	0	7.8
Elafonissi Beach	Europe	Greece	Crete	Chania	NULL	NULL	Mediterranean Sea 	35.271192, 23.541113	5.1	9.1	9	9.8	5	0.5	7.5	9.2	9.8	1.7	0	1	4.5	9.7	0	0
Iguana Beach	Europe	Greece	Crete	Chania	NULL	NULL	Mediterranean Sea 	35.514079, 23.978423	5.5	8.2	8.1	6	4	9.5	6.5	8.5	8.5	1.3	0	1	3.7	8.1	0	9.7
Glaros Beach	Europe	Greece	Crete	Chania	NULL	NULL	Mediterranean Sea 	35.511673, 23.973482	5.4	8.1	7.8	4	3.3	9.8	7	8	8.8	1.3	0	1.2	3	8.2	0	9.8
Mamaia Beach	Europe	Romania	Constanta County	NULL	NULL	NULL	Black Sea	44.18762024210347, 28.655640721844975	3.2	3.6	3.4	3.7	2.2	6.2	NULL	3.3	NULL	NULL	0	0	0	8.9	0	7.3
Chrissi Akti Public Beach	Europe	Greece	Crete	Chania	NULL	NULL	Mediterranean Sea 	35.513025, 23.989228	4.9	6.8	7.2	3.7	2.5	9.1	5	7.8	9.2	1	0	0	3.5	8	0	9.5
Kladissos Beach	Europe	Greece	Crete	Chania	NULL	NULL	Mediterranean Sea 	35.511705, 23.998615	4.4	5	6.2	3.8	5	9.6	4	7.5	3	1	0	0	3	8.8	0	9.8
Nea Chora Beach	Europe	Greece	Crete	Chania	NULL	NULL	Mediterranean Sea 	35.513738, 24.006004	4.1	4.2	6.5	1.8	1	9.8	4	7.5	5	1	0	0	3.1	8.5	0	9.8
Lalaria Beach	Europe	Greece	Central Greece	Euboea	NULL	NULL	Aegean Sea 	39.20605376519804, 23.479328155517578	5.3	2.1	9	9	8.5	0	8.5	8.1	5	7.6	5	9	8.1	0	0	0
Stalos Beach	Europe	Greece	Crete	Chania	NULL	NULL	Mediterranean Sea 	35.514727, 23.944011	4.6	7	6.7	2	5	9.4	4	6.7	6.5	1	0	0	2.5	9	0	9.6
Platanias Beach	Europe	Greece	Crete	Chania	NULL	NULL	Mediterranean Sea 	35.519438, 23.905887	4.6	6.8	7.2	2.2	1.7	9.8	5	7.7	7.9	1	0	0	1.5	8.7	0	9.7
Maleme Beach	Europe	Greece	Crete	Chania	NULL	NULL	Mediterranean Sea 	35.525425, 23.851352	3.1	0.8	6.2	2.4	6	7.8	4	7	0.5	1	0	1	1	0.5	0	7.8
Papaniana Beach	Europe	Greece	Crete	Chania	NULL	NULL	Mediterranean Sea 	35.536938, 23.802906	2.7	0	4.5	1.5	8.7	3.3	4	7.5	0.5	1.5	0	1	1	3	0	4
Balos Beach	Europe	Greece	Crete	Chania	NULL	NULL	Mediterranean Sea 	35.584128, 23.589472	4.7	9.2	8.5	10	5	0	7.5	9.3	9.7	1.5	0	1.5	0	8.8	0	0
Falassarna	Europe	Greece	Crete	Chania	NULL	NULL	Mediterranean Sea 	35.491962, 23.580108	5.2	8.5	8.3	6.7	5	6.3	7	9	9	1.5	0	1.5	2.5	8	0	5
Kleopatra Beach	Asia	Turkey	Antalya	Alanya	NULL	NULL	Mediterranean Sea 	36.550847, 31.976633	4.3	8.1	6.8	2.7	0	10	1.5	6.4	7.7	1	0	0	1	9.3	0	9.8
Alanya Beach	Asia	Turkey	Antalya	Alanya	NULL	NULL	Mediterranean Sea 	36.541077, 32.021165	3.7	7.3	5.9	0.5	0	10	1.1	4.3	5	0.6	0	0	1.1	9.3	0	10
Lara Beach	Asia	Turkey	Antalya	Antalya	NULL	NULL	Mediterranean Sea 	36.847166, 30.813549	4.6	7.3	7	4	1.4	10	1.7	8.1	8.8	0.6	0	0	1.2	9.4	0	10
Konyaalti Beach	Asia	Turkey	Antalya	Antalya	NULL	NULL	Mediterranean Sea 	36.878930, 30.666890	4.2	5	7.7	3.3	3.7	10	2	7.5	2	1	0	0	1	9.1	0	10
Belek Beach	Asia	Turkey	Antalya	Serik	NULL	NULL	Mediterranean Sea 	36.841890, 31.079083	5.1	8	8.7	3.3	5	10	2	8.6	8	1.3	0	0	1.3	10	0	9.8
Pasha Beach	Asia	Turkey	Antalya	Alanya	NULL	NULL	Mediterranean Sea 	36.571402, 31.904236	4.2	7.3	6.3	3.4	3.7	8.9	2	8.4	7.3	1.7	0	1.5	1	4	0	7.7
Playa de La Enramada	Europe	Spain	Canary Islands	Tenerife	Adeje	NULL	Atlantic Ocean	28.098272, -16.752150	4.2	3.5	5	3.5	9	8.5	5	8.1	1.1	2.1	0	0	0	8.2	0	8.6
Playa El Varadero	Europe	Spain	Canary Islands	Tenerife	Adeje	NULL	Atlantic Ocean	28.101546, -16.757615	3.8	4.5	5.1	1.3	2.5	8.5	5	5.1	2.5	2.3	0	2.4	0	8.8	0	8.6
Playa De Diego Hernandez	Europe	Spain	Canary Islands	Tenerife	Adeje	NULL	Atlantic Ocean	28.108808, -16.761379	3.7	7.1	7.1	9.1	8	0	5.1	7.9	1.6	2.5	0	0	0	7.2	0	0
Playa De La Caleta	Europe	Spain	Canary Islands	Tenerife	Adeje	NULL	Atlantic Ocean	28.101240, -16.757151	3.9	0	5	4.1	7	7.6	5	7.9	0	2.7	0	2.4	0	7.9	0	8.5
Kemer Beach	Asia	Turkey	Antalya	Kemer	NULL	NULL	Mediterranean Sea 	36.601486, 30.568882	3.9	2.8	7.5	2.1	1	10	1.8	7	1.5	1.8	0	1.8	1.4	9.4	0	10
Tekirova Beach	Asia	Turkey	Antalya	Kemer	NULL	NULL	Mediterranean Sea 	36.493862, 30.529005	4.6	5.6	8.7	4.2	4	9.2	3	8.7	2	2	0	1.7	2.5	8.8	0	9.2
Camyuva Beach	Asia	Turkey	Antalya	Kemer	NULL	NULL	Mediterranean Sea 	36.553432, 30.566700	4.5	3.5	8.2	3.6	5	9.5	2.5	8.5	3.2	1.5	0	1	1	9.5	0	9.9
Moonlight Beach	Asia	Turkey	Antalya	Kemer	NULL	NULL	Mediterranean Sea 	36.598684, 30.574983	4.8	5.5	8.6	5	2.8	10	3	8	6.5	1.5	0	1	2.5	8	0	10
Mantabuan Island	Asia	Malaysia	Sabah Islands, Borneo	Sipadan Island	NULL	NULL	South China Sea	4.634410, 118.792041	6.9	9.5	9.8	9.4	9.8	1.5	10	10	9.7	9.3	8.8	9	0	6	0.6	0.5
Kaputas Beach	Asia	Turkey	Antalya	Kas	NULL	NULL	Mediterranean Sea 	36.228740, 29.449258	4.3	8.5	8.2	6.8	5	2.3	6.5	9.6	8.8	2.5	0	2.5	0.5	3.5	0	0
Ulas Beach	Asia	Turkey	Antalya	Alanya	NULL	NULL	Mediterranean Sea 	36.560737, 31.934850	3.4	6.7	5.2	3.9	5	4	5	8.1	4.1	1.2	0	1.2	2.8	3.8	0	0
Faliraki Beach	Europe	Greece	South Aegean	Rhodes	NULL	NULL	Aegean Sea 	36.342443, 28.204699	5.2	8.1	7.1	4	1.5	10	5.5	8.1	9	2	0	1.2	2	9	0	10
Anthony Quinn Bay Beach	Europe	Greece	South Aegean	Rhodes	NULL	NULL	Aegean Sea 	36.321530, 28.209373	4.4	5	7.8	7.9	3.4	3	7.1	8.8	1.2	3.3	0	4.4	5	7.8	0	1
Ladiko Beach	Europe	Greece	South Aegean	Rhodes	NULL	NULL	Aegean Sea 	36.320293, 28.205529	5	6.4	7.8	7.5	1.2	4.2	7	8.5	6.5	3.3	0	4	7.5	7	0	4
Traganou Beach	Europe	Greece	South Aegean	Rhodes	NULL	NULL	Aegean Sea 	36.308222, 28.192350	4.2	3	8.4	5.7	7	5	7	8.8	3	2	0	3	2	6	0	2.5
Lindos Beach	Europe	Greece	South Aegean	Rhodes	NULL	NULL	Aegean Sea 	36.094972, 28.085896	5.2	8.1	7.5	4	1	9.5	6.5	8.1	8.6	1	0	1	5	8.2	0	9.5
Kolymbia Beach	Europe	Greece	South Aegean	Rhodes	NULL	NULL	Aegean Sea 	36.246128, 28.163685	4.1	4	5	3.5	5	8.3	5.4	8.1	2.8	1.5	0	0.5	1	8.2	0	8
Tsampika Beach	Europe	Greece	South Aegean	Rhodes	NULL	NULL	Aegean Sea 	36.228229, 28.148387	4.6	8.5	7.3	5	6.5	2.5	7	8.8	9	1.5	0	1.5	3	9	0	0
Stegna Beach	Europe	Greece	South Aegean	Rhodes	NULL	NULL	Aegean Sea 	36.207352, 28.139950	5.3	7.2	7.5	4.6	2	8	6.5	8	7.5	1.8	0	2.3	7.3	8.3	0	8.5
Glystra Beach	Europe	Greece	South Aegean	Rhodes	NULL	NULL	Aegean Sea 	36.066045, 27.995334	4.4	7	7.5	4	2.5	7	6	8	8.5	1	0	1	2	5	0	7
Lardos Beach	Europe	Greece	South Aegean	Rhodes	NULL	NULL	Aegean Sea 	36.075378, 28.016297	4.6	6.5	7.5	3	3	8	6.5	8.5	7	1	0	1	1	8.5	0	8
Alvor Beach -West	Europe	Portugal	Algarve	Portimao	NULL	NULL	Atlantic Ocean	37.122989, -8.600211	5.7	9.3	8.8	4.5	8.5	9	4	9	9.8	1	0	0	1	10	0	10
Barranco das Canas	Europe	Portugal	Algarve	Portimao	NULL	NULL	Atlantic Ocean	37.119701, -8.564196	6.5	8.9	8.5	8	6	10	5	8.5	9.5	2	0	2.5	8.8	9.5	0	10
Prainha Beach	Europe	Portugal	Algarve	Portimao	NULL	NULL	Atlantic Ocean	37.118176, -8.578464	6.5	9.1	8.4	10	4	10	4	8.5	8.6	2.8	0	2.8	9.8	10	0	10
Three Castles Beach	Europe	Portugal	Algarve	Portimao	NULL	NULL	Atlantic Ocean	37.117458, -8.546449	5.9	8.8	8.2	7.4	5	10	2.5	8	9.5	1.3	0	1.3	7.5	8.5	0	10
Meia Praia	Europe	Portugal	Algarve	Lagos	NULL	NULL	Atlantic Ocean	37.117332, -8.645802	5.5	8.5	8.5	3.4	5	10	1.5	8	10	1	0	0	6	10	0	10
Camilo Beach	Europe	Portugal	Algarve	Lagos	NULL	NULL	Atlantic Ocean	37.087408, -8.668423	5.5	9	7.5	8.5	1	10	2.5	8.5	9.8	1.5	0	3.5	9	2	0	10
Praia Dona Ana	Europe	Portugal	Algarve	Lagos	NULL	NULL	Atlantic Ocean	37.091660, -8.669105	5.8	7.8	8.4	8.3	2	10	3.5	8.5	9.8	2	0	3.5	8.5	4	0	10
Praia do Canavial	Europe	Portugal	Algarve	Lagos	NULL	NULL	Atlantic Ocean	37.084017, -8.679227	5.7	8	7.7	7.5	6	10	2.5	8.8	7.5	1.5	0	2.5	7.8	5	0	10
Porto de Mos Beach	Europe	Portugal	Algarve	Lagos	NULL	NULL	Atlantic Ocean	37.085472, -8.688119	5.9	8.7	8.5	6.5	5	10	2	9	9.8	1.5	0	0	7	10	0	10
Playa de los Pocillos	Europe	Spain	Canary Islands	Lanzarote	Tias	NULL	Atlantic Ocean	28.927441, -13.634183	5.1	7	8.7	3	5	10	3.5	8.7	9	2	0	0	0	9	0	10
Playa Grande-Puerto del Carmen	Europe	Spain	Canary Islands	Lanzarote	Tias	NULL	Atlantic Ocean	28.9204636, -13.6620482	5.4	7.7	9.2	3.5	5	10	4.5	9	9.5	2	0	1	1	9	0	10
Playa Dorada	Europe	Spain	Canary Islands	Lanzarote	Yaiza	NULL	Atlantic Ocean	28.862382, -13.823610	5.4	8.4	9	4	3.5	10	4	9	9.5	1	0	1	1	10	0	10
Papagayo Beach	Europe	Spain	Canary Islands	Lanzarote	Yaiza	NULL	Atlantic Ocean	28.842570, -13.788078	5.6	8.7	9	8	5	8.5	5	9.5	8.5	2.5	0	2.5	0	8	0	8.5
Playa Majeres	Europe	Spain	Canary Islands	Lanzarote	Yaiza	NULL	Atlantic Ocean	28.853041, -13.792974	5.6	8.4	9	7.5	7	9	4	9.5	9	2	0	0	0	10	0	9
Golden Bay Beach	Europe	Malta	Malta Island	Northern Region	NULL	NULL	Mediterranean Sea 	35.933953, 14.344103	4.8	8.5	8.2	5	1.5	6.5	5	8	8.5	2	0	1	3	8	1	6
South Beach	Europe	Bulgaria	Bourgas	Pomorie	NULL	NULL	Black Sea	42.561905, 27.604074	4.8	7.6	8	4	3	9	2	8	8	2.1	0	0	1.6	8.5	0	9.5
Ramla Bay Beach	Europe	Malta	Gozo Island	NULL	NULL	NULL	Mediterranean Sea 	36.061587, 14.284678	4.6	7.8	7.3	5	3.5	7	5	8	7.5	1.5	0	1	0	8.5	0	7
Central Beach Pomorie	Europe	Bulgaria	Bourgas	Pomorie	NULL	NULL	Black Sea	42.558749, 27.646650	3.4	7.5	5	2.1	1	8.6	1.6	3.6	5	1	0	0	0	7	0	8.6
Pomorie Beach	Europe	Bulgaria	Bourgas	Pomorie	NULL	NULL	Black Sea	42.561952, 27.644055	3.8	7.6	3.6	2	0.5	7.8	1.1	5.4	9.1	1.5	0	0	3.1	7	0	9
Pomorie East Beach	Europe	Bulgaria	Bourgas	Pomorie	NULL	NULL	Black Sea	42.556936, 27.648718	3.9	9.1	8	1	1.1	9.1	1.5	1.6	8	1.6	0	0	0	8.7	0	9
Cala Mitjana Beach	Europe	Spain	Balearic Islands	Minorca (Menorca)	Ferreries	NULL	Mediterranean Sea 	39.934338, 3.972651	6	9	7.5	8	4	7	7	8.8	9	2.5	0	4.5	6	10	0	7
Cala Galdana Beach	Europe	Spain	Balearic Islands	Minorca (Menorca)	Ferreries	NULL	Mediterranean Sea 	39.935968, 3.960989	5.7	9	8.3	6	1.5	8.5	6	8.5	9	1	0	3	7	9	0	8
Son Saura Beaches	Europe	Spain	Balearic Islands	Minorca (Menorca)	Ciutadella de Menorca	NULL	Mediterranean Sea 	39.926994, 3.894305	4.5	8.5	7.5	7	3	1	6	8	9	1	0	1.5	5	10	0	0
South Beach Nesebar	Europe	Bulgaria	Bourgas	Nesebar	NULL	NULL	Black Sea	42.657347, 27.718460	4.8	8.2	7.1	8.6	1.2	8.6	1.6	6.1	8.5	2	0	0	1.5	9	0	9
Peneco Beach	Europe	Portugal	Algarve	Albufeira	NULL	NULL	Atlantic Ocean	37.086392, -8.252869	4.6	8.5	8	2.5	1.5	10	2.5	7	9	1	0	0	1	8	0	10
Alemaes Beach	Europe	Portugal	Algarve	Albufeira	NULL	NULL	Atlantic Ocean	37.084302, -8.237977	4.7	8	8.3	4.5	3	10	2.5	7	8.5	1	0	0	0	8	0	10
Sunny Beach-North	Europe	Bulgaria	Bourgas	Nesebar	NULL	NULL	Black Sea	42.694235, 27.715827	4.7	9	7.6	3.5	0.4	10	1.6	7.1	10	0.6	0	0	1.1	9	0	10
Falesia Beach	Europe	Portugal	Algarve	Albufeira	NULL	NULL	Atlantic Ocean	37.085936, -8.167547	5.5	8.2	8.5	7.1	6.5	10	2.5	9	9	1.6	0	0	1	9.3	0	10
Sunny Beach-South	Europe	Bulgaria	Bourgas	Nesebar	NULL	NULL	Black Sea	42.670943, 27.711839	4.7	8.7	7.2	3.5	1.1	10	1.6	7.1	9	1.6	0	0	1	10	0	10
Santa Eulalia Beach	Europe	Portugal	Algarve	Albufeira	NULL	NULL	Atlantic Ocean	37.087919, -8.214108	5.4	8.6	8	6	3	10	2.5	8.5	9.3	1.5	0	0	5	9.1	0	10
Quarteira Beach	Europe	Portugal	Algarve	Loule	NULL	NULL	Atlantic Ocean	37.067781, -8.105822	4.7	8.3	8	1.5	2	10	2	7.5	9.5	1	0	0	1	9	0	10
Manta Rota Beach	Europe	Portugal	Algarve	Vila Real de Santo Antonio	NULL	NULL	Atlantic Ocean	37.163247, -7.518587	5.1	8.3	8	4.3	3	10	2	8.5	9.7	1.5	0	0	1	10	0	10
Monte Gordo Beach	Europe	Portugal	Algarve	Vila Real de Santo Antonio	NULL	NULL	Atlantic Ocean	37.177311, -7.445997	5.6	8.5	8.3	4	3.5	10	2	8.5	9.7	1.5	0	0	1	10	7	10
Tavira Island Beach	Europe	Portugal	Algarve	Tavira	NULL	NULL	Atlantic Ocean	37.110695, -7.619832	6.1	9	8.5	7	6	8	2	8.5	9.8	2	0	0	4	10	9	8
Barril Beach	Europe	Portugal	Algarve	Tavira	NULL	NULL	Atlantic Ocean	37.085801, -7.662834	5.3	9.1	8.5	5	6	8	2	9	10	1.5	0	0	2	10	0	8
Verde Beach	Europe	Portugal	Algarve	Vila Real de Santo Antonio	NULL	NULL	Atlantic Ocean	37.173981, -7.479598	5.3	9.1	8.7	5	5	9	2.5	9	9.7	1.5	0	0	2	10	0	8.5
Gale Beach-West	Europe	Portugal	Algarve	Albufeira	NULL	NULL	Atlantic Ocean	37.084602, -8.321948	5.3	8.7	8.5	5	4	10	2	8.5	9.5	1.5	0	0	2	10	0	10
Salema Beach	Europe	Portugal	Algarve	Lagos	NULL	NULL	Atlantic Ocean	37.065140, -8.824306	5.3	8.2	8.5	3.3	4.2	8.7	2	8.5	9	2	0	0	4	9	2.5	9
Sao Rafael Beach	Europe	Portugal	Algarve	Albufeira	NULL	NULL	Atlantic Ocean	37.074714, -8.280232	6.1	8.8	8.5	7.8	4	10	2.5	9	8.5	2	0	2.5	8	10	0	10
La Pelosa Beach	Europe	Italy	Sardinia	Sassari	NULL	NULL	Tyrrhenian Sea	40.965824, 8.209520	5.3	8.5	8	5.5	2	9	6	8.8	9.3	2.5	0	0.5	5	5	0	9
Rena Majore Beach	Europe	Italy	Sardinia	Sassari	NULL	NULL	Tyrrhenian Sea	40.827852, 8.195503	4.5	8	7	7.5	7	0	7	9	4	3.5	0	5	1	7.5	0.5	0
Mugoni Beach	Europe	Italy	Sardinia	Sassari	NULL	NULL	Tyrrhenian Sea	40.616439, 8.206510	5.3	8	8	6.5	3.1	7	5	7.8	8.8	2.5	0	2.5	7	8	0	6
Le Bombarde Beach	Europe	Italy	Sardinia	Sassari	NULL	NULL	Tyrrhenian Sea	40.584333, 8.258127	5.7	8.8	8.3	5.5	3.5	7	7	8.5	9.6	2.5	0	1.5	8.3	9	0	6.5
Lido di Alghero	Europe	Italy	Sardinia	Sassari	NULL	NULL	Tyrrhenian Sea	40.569634, 8.318019	5.4	7.6	7	3.3	3.5	10	4.5	6	9	2	0	1.5	2.5	8	6	10
Central Beach Sveti Vlas	Europe	Bulgaria	Bourgas	Nesebar	NULL	NULL	Black Sea	42.707760, 27.755364	4.7	8.6	9.1	5	1.1	9.1	2	8.1	7.1	1.8	0	0	0	8.9	0	10
Cala Corsara Beach	Europe	Italy	Sardinia	Sassari	NULL	NULL	Tyrrhenian Sea	41.230991, 9.343881	5.8	9.1	8	9.8	6.5	0	8	9.4	10	3.5	0	5	9	8	0	0
Capo Testa Beach	Europe	Italy	Sardinia	Sassari	NULL	NULL	Tyrrhenian Sea	41.239766, 9.158241	6.1	8.8	8.7	7.5	5	7	6.5	9.3	8.5	3	0	3	8.5	9	0	6.5
Sveti Vlas-New Beach-West	Europe	Bulgaria	Bourgas	Nesebar	NULL	NULL	Black Sea	42.707725, 27.765249	4.9	8.5	8.6	3.7	2.1	8.9	1.9	7.8	9	1	0	1	1.9	9.1	0	10
Cala Brandinchi Beach	Europe	Italy	Sardinia	Sassari	NULL	NULL	Tyrrhenian Sea	40.835224, 9.686037	6	8.4	7.5	8.3	0.3	8	7	9	9.5	1.8	0	2.8	6	10	4	7.5
Sveti Vlas-New Beach-East	Europe	Bulgaria	Bourgas	Nesebar	NULL	NULL	Black Sea	42.706230, 27.771289	5	8.5	9	4.1	2.6	9	2.1	7.7	8	2	0	1.6	2	9.1	0	10
Sveti Vlas East Beach	Europe	Bulgaria	Bourgas	Nesebar	NULL	NULL	Black Sea	42.705585, 27.777556	4.7	8.1	7.5	3.1	5	9	2.5	7.5	2.1	2.1	0	1.5	2.6	9.1	0	10
La Cinta Beach	Europe	Italy	Sardinia	Sassari	NULL	NULL	Tyrrhenian Sea	40.785746, 9.670651	5.6	9	6	5	0.1	9	6.3	7.9	9.5	1	0	1	6.5	7.5	5	9.5
Lido di Orri Beach	Europe	Italy	Sardinia	Nuoro	NULL	NULL	Tyrrhenian Sea	39.900843, 9.682121	5.7	8.3	7.7	6	1.3	7.5	6	8.4	8	2	0	1	4	9	7.5	8.5
Platamona Beach	Europe	Italy	Sardinia	Sassari	NULL	NULL	Tyrrhenian Sea	40.819820, 8.486879	5.3	7.6	7.5	4.4	5	6.5	5	9.2	8.3	2	0	1	2	9	7	5
Capriccioli Beach	Europe	Italy	Sardinia	Sassari	NULL	NULL	Tyrrhenian Sea	41.078973, 9.551898	5.6	8.2	7.3	8	3	8.5	7	8.5	6	2.8	0	3.1	8.3	6	0	7.4
Fort Knox-Elenite	Europe	Bulgaria	Bourgas	Nesebar	NULL	NULL	Black Sea	42.702914, 27.795989	4.5	7.6	7	3	2	9	2	7.5	8	1	0	1	2	8.5	0	9.5
Narigama Beach-Hikkaduwa	Asia	Sri Lanca	Southern Province	Galle District	NULL	NULL	Indian Ocean	6.122539, 80.111424	4.8	8	7.5	4	4	8	1.7	7.5	10	2.5	0	0	0	9	0	10
Hikkaduwa Beach	Asia	Sri Lanca	Southern Province	Galle District	NULL	NULL	Indian Ocean	6.137530, 80.098933	5	8	5	2.5	3	8.5	3.5	6	7	6.5	3.7	3.5	1	6.7	0	10
Bentona Beach	Asia	Sri Lanca	Southern Province	Galle District	NULL	NULL	Indian Ocean	6.421638, 79.995887	5.3	8.3	8	4.4	7	9.3	2.3	7	9.8	3	0	0	0.5	10	0	10
Mirisa Beach	Asia	Sri Lanca	Southern Province	Galle District	NULL	NULL	Indian Ocean	5.944695, 80.459269	5.1	8.5	7.5	4	1	9	2.5	6	8.5	5	3	3	1	8	0	10
Unawatuna Beach	Asia	Sri Lanca	Southern Province	Galle District	NULL	NULL	Indian Ocean	6.009523, 80.248170	5.2	8.2	7	4	3.3	8.5	2.7	6	9	4	2	2.7	1	9	0	10
Jungle Beach-Unawatuna	Asia	Sri Lanca	Southern Province	Galle District	NULL	NULL	Indian Ocean	6.017679, 80.237768	5	7.7	6.5	4	6	8	4	5	7	6	3.2	3.7	0.5	6	0	7
Non Nuoc Beach	Asia	Vietnam	South Central Coast	Da Nang Province	NULL	NULL	South China Sea	15.995332, 108.274093	5.4	8.5	8.8	5	7.5	10	1.5	8	10	1.5	0	0	0	10	0	10
My Khe Beach	Asia	Vietnam	South Central Coast	Da Nang Province	NULL	NULL	South China Sea	16.063397, 108.246493	5.2	8.2	8.7	4	7	10	1.6	7.5	9.8	1.5	0	0	0	10	0	10
An Bang Beach-Hoi An	Asia	Vietnam	South Central Coast	Da Nang Province	NULL	NULL	South China Sea	15.913768, 108.340913	5	8	8	3.5	6	9.2	1.5	6.5	10	2	0	0	1	10	0	10
Nha Trang Beach	Asia	Vietnam	Southeast Vietnam	Ba Ria-Vung Tau Province	NULL	NULL	South China Sea	12.236360, 109.197914	4.8	8	8.3	3.8	3.3	10	1.7	7.5	9	1	0	0	0	10	0	10
Bai Bai Beach-Nha Trang	Asia	Vietnam	Southeast Vietnam	Ba Ria-Vung Tau Province	NULL	NULL	South China Sea	12.027887, 109.219660	4.6	8.2	6	1.5	7.5	7.5	2	7	9.6	1	0	1	1	10	1	6
Otres Beach	Asia	Cambodia	Sihanoukville Province	Sihanoukville	NULL	NULL	Gulf of Thailand	10.571540, 103.551524	4.9	8	7.5	5	5	8	2.5	7	9	1.5	0	0	3	9	0	8.5
Ou Chheuteal Beach	Asia	Cambodia	Sihanoukville Province	Sihanoukville	NULL	NULL	Gulf of Thailand	10.590748, 103.538253	3.7	7.5	2.5	4	4	4	1	3.5	9.5	1	0	0	2	9	0	8
Sokha Beach	Asia	Cambodia	Sihanoukville Province	Sihanoukville	NULL	NULL	Gulf of Thailand	10.608342, 103.513085	5.2	8.7	8.5	5	5	9.5	1.5	6.5	10	1	0	0	3	10	0	10
Independence Beach	Asia	Cambodia	Sihanoukville Province	Sihanoukville	NULL	NULL	Gulf of Thailand	10.612212, 103.500495	4.5	8	6	4	5	9	1.5	6	10	1	0	0	0	9	0	8
Victory Beach	Asia	Cambodia	Sihanoukville Province	Sihanoukville	NULL	NULL	Gulf of Thailand	10.634307, 103.499838	3	6.5	0.5	3	4	9	0.5	1	8.6	0.5	0	0	0	2	0	9
Serendipity Beach	Asia	Cambodia	Sihanoukville Province	Sihanoukville	NULL	NULL	Gulf of Thailand	10.605869, 103.522854	4.2	8	4	3	0.5	9.5	1	3.5	10	1	0	0	3	9.5	0	10
Saracen Bay Beach	Asia	Cambodia	Sihanoukville Province	Koh Rong Samloem	NULL	NULL	Gulf of Thailand	10.575760, 103.312519	6.1	9	8	7.5	3	7.5	5	8.5	10	2.5	1.7	2	5	10	3	9
Lazy Beach	Asia	Cambodia	Sihanoukville Province	Koh Rong Samloem	NULL	NULL	Gulf of Thailand	10.566755, 103.304151	6.1	9.1	9	7	8	3	5	9	10	3.5	4.7	4.5	0	10	1	8
Buck Beach	Asia	Cambodia	Sihanoukville Province	Koh Rong Samloem	NULL	NULL	Gulf of Thailand	10.553767, 103.312138	5.1	9	8.3	7	9	0.5	5	9	10	3.5	2	2	0	10	1	0
Koh Touch Beach	Asia	Cambodia	Sihanoukville Province	Koh Rong	NULL	NULL	Gulf of Thailand	10.668456, 103.275026	4.4	8.5	4	3.5	0.5	8	4	4	9	1.5	0.5	1	3	9	0	9
Long Set Beach	Asia	Cambodia	Sihanoukville Province	Koh Rong	NULL	NULL	Gulf of Thailand	10.683045, 103.288916	5.7	9.1	6.5	6.5	7.5	8	5	7	10	2	1.5	2	3	10	0	8
Sok San Beach	Asia	Cambodia	Sihanoukville Province	Koh Rong	NULL	NULL	Gulf of Thailand	10.690471, 103.253798	5.8	9.4	8	7.5	8	4	5	9	10	4	1.5	1.8	3	10	0.5	5
Coconut Beach	Asia	Cambodia	Sihanoukville Province	Koh Rong	NULL	NULL	Gulf of Thailand	10.704804, 103.313415	5.6	8.7	4	5	6	6	5	8.3	9.5	1.7	5	2	2.5	9	6	6
Central Beach Bourgas	Europe	Bulgaria	Bourgas	Bourgas	NULL	NULL	Black Sea	42.495953, 27.483650	4.7	7.6	7.6	4	1.6	10	1.5	7	8.6	1.2	0	0	1.6	10	0	10
Long Beach-North	Asia	Vietnam	South-western region	Phu Quoc Island	NULL	NULL	Gulf of Thailand	10.187694, 103.965419	5	8.3	7.6	3.5	2.8	10	2	8.3	9.3	1.5	0	0	2.5	9.5	0	10
Kraimorie Beach	Europe	Bulgaria	Bourgas	Bourgas	NULL	NULL	Black Sea	42.445560, 27.492335	4.8	8	3.6	1.6	2	10	1.4	7	9	1	0	0	2.1	9	7	10
Long Beach-South	Asia	Vietnam	South-western region	Phu Quoc Island	NULL	NULL	Gulf of Thailand	10.132509, 103.977037	4.4	8	3.8	4	5	7.5	1.5	6.5	9	1.5	0	0	2	8.5	0	8.5
Sarafovo Beach	Europe	Bulgaria	Bourgas	Bourgas	NULL	NULL	Black Sea	42.557425, 27.523988	3.7	6.1	5	2.6	1.5	9.1	1.5	7.6	9	1.1	0	0.5	1.1	0	0	10
Bai Sao Beach	Asia	Vietnam	South-western region	Phu Quoc Island	NULL	NULL	Gulf of Thailand	10.055494, 104.035821	5.9	9.3	6.5	7	5	8	3.5	8.5	9.7	3	4	3.5	3.5	9	0	8
Sozopol Central Beach 	Europe	Bulgaria	Bourgas	Sozopol	NULL	NULL	Black Sea	42.420579, 27.694654	5.6	8.2	7.2	4.1	1.2	10	2.6	7.1	9.6	1.5	0	1	4	10	7.2	10
Beach Harmanite Sozopol	Europe	Bulgaria	Bourgas	Sozopol	NULL	NULL	Black Sea	42.412967, 27.701576	5.4	9.1	8	3	2	10	2	7.1	5	1.6	0	2.1	4.1	10	7.3	10
Kavatsi Beach	Europe	Bulgaria	Bourgas	Sozopol	NULL	NULL	Black Sea	42.397047, 27.707095	5.5	9.1	9.1	8	1.6	8.6	2.1	2.1	8.5	2	0	1.9	3.9	10	5	10
Royal Beach-Chervenka	Europe	Bulgaria	Bourgas	Sozopol	NULL	NULL	Black Sea	42.428155, 27.645618	4.7	7.1	5	2.1	3	8	1.1	5	7.5	1	0	1.5	3.6	10	5	10
Central Beach- Chernomorets	Europe	Bulgaria	Bourgas	Sozopol	NULL	NULL	Black Sea	42.448080, 27.638623	3.4	8.1	0	1.5	1	10	0	0	5	0.6	0	0	0	10	5	10
Salang Beach	Asia	Malaysia	East Coast Islands	Tioman Island	NULL	NULL	South China Sea	2.876127, 104.154102	6	8	6.7	4.7	3.5	7.5	7	8.5	5	8.2	6.8	7	4	6	0	7.5
Duni Beach-Central	Europe	Bulgaria	Bourgas	Sozopol	NULL	NULL	Black Sea	42.371287, 27.710200	5	8.5	8.1	4	6.1	8	2.6	8	9.1	1.2	0	0	2.1	10	0	8
Paya Beach	Asia	Malaysia	East Coast Islands	Tioman Island	NULL	NULL	South China Sea	2.786436, 104.120198	6.1	8	7.3	4	4	8	7	7.5	8.5	7	6.2	6.5	3	6	0	8
Juara Beach	Asia	Malaysia	East Coast Islands	Tioman Island	NULL	NULL	South China Sea	2.784371, 104.204217	6.3	8.6	8	7	6.5	6	6	8.7	9	4.5	3.7	4	5	9	0	8
Driver s Beach	Europe	Bulgaria	Bourgas	Sozopol	NULL	NULL	Black Sea	42.356479, 27.715717	3.1	7.8	2.1	4.1	7.1	0	1.6	7.5	6.1	1	0	0	1.1	6.1	2.1	0.5
Pantai Iboih	Asia	Indonesia	Sumatra-Aceh	Acheh Islands	Pulawu We	NULL	Indian Ocean	5.872820, 95.256842	5.9	7.5	5	5	3	7.5	5.5	8	7.5	8.5	4.5	6.5	5	7	0	8
Arkutino Beach	Europe	Bulgaria	Bourgas	Sozopol	NULL	NULL	Black Sea	42.330618, 27.735425	4	8.3	4	5	7	1	2.1	7.6	9.1	1	0	0	4	9.5	1	1
Sumur Tiga Beach	Asia	Indonesia	Sumatra-Aceh	Acheh Islands	Pulawu We	NULL	Indian Ocean	5.890074, 95.341907	5.7	7.8	7.3	5.5	7	8.1	5	8.5	8.5	5	2.5	3	0	8.5	0	8.5
Ropotamo Beach	Europe	Bulgaria	Bourgas	Primorsko	NULL	NULL	Black Sea	42.327149, 27.754111	3.9	7.1	5.1	6.6	9	0	1	7.5	5.6	1.5	0	0	7	8.5	0	0
Kuta Beach	Asia	Indonesia	Nusa Tenggara-West	Lombok	South Lombok	NULL	Flores Sea	-8.894525, 116.283485	5.1	7.5	5.5	7	5	8.5	3	6.5	9	2	0	0	3.5	10	0	8.5
Perla Beach	Europe	Bulgaria	Bourgas	Primorsko	NULL	NULL	Black Sea	42.289057, 27.757341	5.1	8.5	6.1	6	1.1	9	3	7.6	10	1.1	0	0	6	9.5	0	9.1
Selong Belanak Beach	Asia	Indonesia	Nusa Tenggara-West	Lombok	South Lombok	NULL	Flores Sea	-8.869710, 116.160455	4.8	8.7	7.5	5.5	5	6.5	2	8.5	10	2	0	0	1	9	0	6
Tanjung Aan Beach	Asia	Indonesia	Nusa Tenggara-West	Lombok	South Lombok	NULL	Flores Sea	-8.907957, 116.324313	4.6	9	7.5	7.5	6	3	4	9	10	2.5	0	0	0	10	0	0
Mawun Beach	Asia	Indonesia	Nusa Tenggara-West	Lombok	South Lombok	NULL	Flores Sea	-8.900356, 116.227591	4.6	8.3	6	6.5	7.8	5	4	8.5	9	2.5	0	1	0	10	0	0
Ksamil Beach	Europe	Albania	Vlore	Sarande	NULL	NULL	Adriatic Sea	39.773052, 20.000413	5.3	3.1	5	7.6	1	10	6	5.1	2	8	0	7.6	6.1	8.5	0	10
Gili Trawangan Beaches	Asia	Indonesia	Nusa Tenggara-West	Lombok	Gili Trawangan	NULL	Flores Sea	-8.361574, 116.037176	6	7	6.3	5	2	8.5	9	8.5	3	7.5	7.2	7.2	3	8	0	8.5
Gili Meno Beaches	Asia	Indonesia	Nusa Tenggara-West	Lombok	Gili Meno	NULL	Flores Sea	-8.342266, 116.059041	6.3	7	6.8	5.6	4.3	8.5	9	8.5	3.1	7.5	7.3	7.3	3	8	0	8.5
Gili Air Beaches	Asia	Indonesia	Nusa Tenggara-West	Lombok	Gili Air	NULL	Flores Sea	-8.350561, 116.085648	6.2	7	6.7	5	3.4	8.5	9	8.5	3.5	7.5	7	7.2	3	8	0	8.5
Drymades Beach	Europe	Albania	Vlore	Vlore	NULL	NULL	Adriatic Sea	40.154993, 19.610450	5.2	3	6.6	5	6	8.5	6	8.2	5.6	2.6	0	1.5	4	7.5	5	9
Dhermi Beach	Europe	Albania	Vlore	Vlore	NULL	NULL	Adriatic Sea	40.141303, 19.639478	4.3	1.5	6	5	6	8	5	8.3	1	2.7	0	1	3	8	1.5	8
Livadhi Beach	Europe	Albania	Vlore	Himare	NULL	NULL	Adriatic Sea	40.106411, 19.728299	4.6	2	7.5	5	3.5	8.5	5	7.5	1	2.5	0	3	5	4.5	5	8.5
Jali Beach	Europe	Albania	Vlore	Himare	NULL	NULL	Adriatic Sea	40.119377, 19.701618	4.3	1.6	4	5	2.5	8.5	6	7.6	2	4	0	5	4.1	3.5	5.1	6
Gjipe Beach	Europe	Albania	Vlore	Himare	NULL	NULL	Adriatic Sea	40.127038, 19.670349	4.3	3	7	5.5	5	3	5.5	7.5	2	3.5	0	5	3	5	5	5
Jimbaran Beach	Asia	Indonesia	Bali	Badung Regency	NULL	NULL	Indian Ocean	-8.780807, 115.163754	4.5	7.8	3	3.3	1.5	10	3	7	8.7	2	0	0	2	9	0	10
Llamani Beach	Europe	Albania	Vlore	Himare	NULL	NULL	Adriatic Sea	40.080413, 19.766726	3.5	2.5	5	5	1	3.6	5.1	7.5	1.5	5	0	4	2.1	5	0	5
Sanur Beach	Asia	Indonesia	Bali	Denpasar City	NULL	NULL	Indian Ocean	-8.703177, 115.265006	5.1	8.1	6.5	3.8	4	10	4	7.7	8	2	0.5	1	2	9	0	10
Filikuri beach	Europe	Albania	Vlore	Himare	NULL	NULL	Adriatic Sea	40.085757, 19.751936	3.2	1	1	4	9.5	0	5.6	7.5	0.6	3.1	0	3.1	2	5	5	0
Lovina Beach	Asia	Indonesia	Bali	Buleleng Regency	NULL	NULL	Bali Sea	-8.162282, 115.023252	3.9	3.5	2.8	3.5	4	9.5	4	4	4	4	3	2	0.5	5	0	8.5
Kuta Beach	Asia	Indonesia	Bali	Badung Regency	NULL	NULL	Indian Ocean	-8.720171, 115.169028	3.6	7.8	1.7	3	0.3	10	1	2.5	8.3	1.1	0	0	1	7	0	10
Nusa Dua Beach	Asia	Indonesia	Bali	Badung Regency	NULL	NULL	Indian Ocean	-8.808607, 115.231805	5.5	8.2	8	4	3.1	10	3.5	7.8	7.5	3.6	1.6	2.6	3	9.2	0	10
Jemeluk Beach-Amed	Asia	Indonesia	Bali	Karangasem Regency	NULL	NULL	Bali Sea	-8.338379, 115.659959	4.8	1	5.5	2	3	8	6.5	8.4	5	7.7	5.7	6.3	1	4	0	8
Senggigi Beach	Asia	Indonesia	Nusa Tenggara-West	Lombok	West Lombok	NULL	Flores Sea	-8.497894, 116.045043	4.2	6.3	5	2.7	3	9	5	4	7.5	2	1	1.3	3	5	0	8.2
Crystal Bay Beach	Asia	Indonesia	Bali	Klungkung Regency	Nusa Pendida	NULL	Indian Ocean	-8.715987, 115.458943	5.8	7.7	7.5	6.5	4	4	8.5	8.8	5	8	7.8	7.9	0	8	0	3
Blue Lagoon Beach	Asia	Indonesia	Bali	Karangasem Regency	NULL	NULL	Bali Sea	-8.530000, 115.513240	4.1	6	3.5	3.5	5	8.5	5	6	3	3.5	2.5	2.8	0	3	0	8.5
Plazhi i Pulebardhes	Europe	Albania	Vlore	Vlore	NULL	NULL	Adriatic Sea	39.800203, 20.000570	4	3.5	5	5	1	5	6.5	8	2	3	0	2.5	4	5	0	9
Kedrodasos Beach	Europe	Greece	Crete	Chania	NULL	NULL	Mediterranean Sea 	35.268500, 23.563073	4.6	8.4	7.2	7.5	7	0	7.5	9	4	2	0	3	0	8	4	1.5
Preveli Beach	Europe	Greece	Crete	Rethymno	NULL	NULL	Mediterranean Sea 	35.152590, 24.474018	4.7	6.3	8.2	7.5	3.5	4	6.5	9	6	2	0	2	3	9	0	3.5
Plazhi i Lukoves	Europe	Albania	Vlore	Sarande	NULL	NULL	Adriatic Sea	39.972453, 19.913485	3	5	5	4.5	4	3	5.1	3	3	2.5	0	3	2.5	5	0	0
Borsh Beach	Europe	Albania	Vlore	Himare	NULL	NULL	Adriatic Sea	40.047040, 19.848378	3.4	1.5	5	4	5	5	4.8	5	1.5	4	0	2.5	2.5	5	0	4.9
Spile Beach	Europe	Albania	Vlore	Himare	NULL	NULL	Adriatic Sea	40.101225, 19.743541	4.2	5	6	4	1	10	4	4	4	2.5	0	1.6	2.5	9	0	10
Levante Beach-Benidorm	Europe	Spain	Valencia	Alicante	Marina Baja	NULL	Mediterranean Sea 	38.534899, -0.116869	5	8.4	7.7	1	0.3	10	4.5	8	9.7	2.5	0	1.7	1	9.7	0	10
Poniente Beach-Benidorm	Europe	Spain	Valencia	Alicante	Marina Baja	NULL	Mediterranean Sea 	38.534550, -0.153704	5.1	8.4	8	1	0.5	10	4.5	8.2	9.7	2.5	0	2	1	10	0	10
Marachi Beach	Europe	Albania	Vlore	Himare	NULL	NULL	Adriatic Sea	40.099009, 19.749540	4	4.5	5	4	2	10	2	4	2.5	2	0	2	2	10	0	10
Sfageio Beach	Europe	Albania	Vlore	Himare	NULL	NULL	Adriatic Sea	40.098870, 19.749633	4.1	5	5	3.5	2	10	2	4	3.5	2	0	1.5	2.3	10	0	10
Almadrava Beach-Benidorm	Europe	Spain	Valencia	Alicante	Marina Baja	NULL	Mediterranean Sea 	38.528821, -0.106565	4.6	5.5	7.5	5	1.3	10	5	8.5	3.5	2.5	0	2.5	2	5	0	10
Buneci Beach	Europe	Albania	Vlore	Sarande	NULL	NULL	Adriatic Sea	40.001890, 19.893020	3.9	1.5	5	4	7.5	6	6	6.5	0.7	2.8	0	1.6	1.4	8	5	2.8
La Mata Beach-Torrevieja	Europe	Spain	Valencia	Alicante	Bajo Segura	NULL	Mediterranean Sea 	38.015778, -0.652948	4.9	8.1	7.5	4.2	1.6	10	3	8	8.4	1.5	0	0	1	10	0	10
Los Locos Beach-Torrevieja	Europe	Spain	Valencia	Alicante	Bajo Segura	NULL	Mediterranean Sea 	37.984225, -0.658358	4.4	7	7.3	1.5	0.7	10	2.5	7.3	6	1.5	0	1.5	2	9	0	10
Durres Beach	Europe	Albania	Durres	Durres	NULL	NULL	Adriatic Sea	41.292829, 19.503115	4.9	5	7.5	4.5	1	10	5	5	5	3	0	4	4	10	0	10
Golemi Beach	Europe	Albania	Durres	Durres	NULL	NULL	Adriatic Sea	41.241784, 19.517000	4.9	5	4.9	5.5	2	10	5	5	5	5	0	3	3.5	10	0	10
Long Beach	Asia	Malaysia	East Coast Islands	Pulau Redang Island Group	Pulau Redang	NULL	South China Sea	5.775350, 103.033517	6.9	9	7.5	7.5	1.5	8.7	5.5	8.5	10	6.8	6.5	6.7	7	9.7	0.5	8.5
Kalong Kechil Beach	Asia	Malaysia	East Coast Islands	Pulau Redang Island Group	Pulau Redang	NULL	South China Sea	5.763649, 103.025596	6.1	8.3	8	6.5	5	8	5.5	9	9.6	4.4	3.8	4	5	7.5	0	7.5
Spille Beach	Europe	Albania	Durres	Durres	NULL	NULL	Adriatic Sea	41.088699, 19.458026	4	5.5	7	5	4	8	2	3.6	4	2.5	0	1.6	3	7.5	0	7
Marine Park Beach	Asia	Malaysia	East Coast Islands	Pulau Redang Island Group	Pulau Pinang	NULL	South China Sea	5.747202, 103.000760	5.8	8.4	6.7	7.5	1	5.5	6.5	7	9	8.7	8.2	8.4	3.5	6	0	0
Plazhi i Rasqyrave	Europe	Albania	Vlore	Sarande	NULL	NULL	Adriatic Sea	39.804118, 20.005047	3.5	1.5	4.5	5	7	4	5.5	5	2.5	3	0	2.5	1.5	2.1	0	8.5
Plazhi i Manastirit	Europe	Albania	Vlore	Sarande	NULL	NULL	Adriatic Sea	39.813332, 20.010697	2.1	1	5	4	1.5	2	5	5	1.5	3	0	2	1	0	0	0
Pangalisang Beach	Asia	Indonesia	Sulawesi-North	Bunaken National Park	Bunaken Island	NULL	Molucca Sea	1.607140, 124.780699	5.6	6.3	5.5	2.7	4	8	9	8.2	2.5	8.8	8.8	8.8	0	3.5	0	8.5
Liang Beach	Asia	Indonesia	Sulawesi-North	Bunaken National Park	Bunaken Island	NULL	Molucca Sea	1.613738, 124.769616	5.4	7.3	5	2	7	7.5	9	6	2.5	8.2	8	7.8	1	2	0	7
Siladen Island Beaches	Asia	Indonesia	Sulawesi-North	Bunaken National Park	Siladen Island	NULL	Molucca Sea	1.630399, 124.799451	6.5	8	7.5	4	6	8	9	8	7	9	9	9	0	5.5	0	7
Manukan Island Beaches	Asia	Malaysia	Sabah Islands, Borneo	Tunku Abdul Rahman National Park	Manukan Island	NULL	South China Sea	5.975072, 116.004548	4.9	8.2	4.5	6	1	8	5.5	4	9.2	5	3.8	4	1	6	0	7
Sapi Island Beaches	Asia	Malaysia	Sabah Islands, Borneo	Tunku Abdul Rahman National Park	Sapi Island	NULL	South China Sea	6.008478, 116.008628	5.7	9	4.5	6.5	1	8	6	5	9.5	6	6.5	6.3	1	5	4	7
Mamutik Island Beaches	Asia	Malaysia	Sabah Islands, Borneo	Tunku Abdul Rahman National Park	Mamutik Island	NULL	South China Sea	5.965840, 116.014387	4.8	8.3	5	5.5	1	6	6	6	8.7	5.5	5	5	0	2	4	4
Coral Beach	Asia	Malaysia	West Coast Islands	Pangkor Island	NULL	NULL	Andaman Sea	4.237916, 100.545456	6	8.3	7.3	7.5	2.5	8	4.5	7.5	9.5	4.5	3	3.5	7.5	7.5	0.5	8
Pasir Bogak	Asia	Malaysia	West Coast Islands	Pangkor Island	NULL	NULL	Andaman Sea	4.208954, 100.558186	4.3	8.2	4	3.5	3	8.5	2	5.5	9	2	0	0	2	8	0	8.5
Agia Triada Beach	Europe	Greece	Ionian Islands	Corfu	NULL	NULL	Ionian Sea	39.673358, 19.715119	5.3	3	5	7	1	10	7	7	4	5	0	5	5	10	0	10
Front Beach	Asia	Thailand	Phang Nga	Similan Islands	Ko Miang (Ko Meang)	NULL	Andaman Sea	8.571249, 97.637286	6.6	9.8	8.3	8.5	2	8.5	7	8.7	10	4	2.5	3	0	10	8	8
Platakia Beach	Europe	Greece	Ionian Islands	Corfu	NULL	NULL	Ionian Sea	39.674809, 19.708192	5.1	1.5	5	5	1	10	7	7	3	5	0	5	7	10	0	10
Haat Lek-Small Beach	Asia	Thailand	Phang Nga	Similan Islands	Ko Miang (Ko Meang)	NULL	Andaman Sea	8.567266, 97.639409	6.3	9.5	8.2	5.5	3	8	7	8.5	9.2	4.5	3.5	3.5	0	9	8	7.5
Donald Duck Bay Beach	Asia	Thailand	Phang Nga	Similan Islands	Ko Similan	NULL	Andaman Sea	8.665441, 97.647636	6.4	9.5	8.5	8	2	8	7	9	9.5	6.5	3.7	4.5	0	6	7.5	7
Alipa Beach	Europe	Greece	Ionian Islands	Corfu	NULL	NULL	Ionian Sea	39.672685, 19.707035	4.8	2.5	5	4	1	10	6	5	4	4	0	5	5	10	0	10
Adam and Eva Beach	Asia	Malaysia	East Coast Islands	Perhentian Islands	Perhentian Kecil Island	NULL	South China Sea	5.934262, 102.718542	4.8	7	6.5	6.5	2.5	0	6	9.5	7	5	4	4.5	2	9	0	3
Romantic Beach	Asia	Malaysia	East Coast Islands	Perhentian Islands	Perhentian Kecil Island	NULL	South China Sea	5.923243, 102.717158	5.1	8.2	7.5	6	9.3	3	6	9.4	6	5	4.5	4.5	5	2	0	0
Arkoudillas Beach	Europe	Greece	Ionian Islands	Corfu	NULL	NULL	Ionian Sea	39.365957, 20.101420	3.7	5	5	4	7	2.5	5	7.5	4	3	0	2	4	5	0	1
Coral Bay Beach	Asia	Malaysia	East Coast Islands	Perhentian Islands	Perhentian Kecil Island	NULL	South China Sea	5.913066, 102.716952	5.5	8	5	4	1	8.5	5.5	5	7.5	4.5	4.5	4.5	6	9.5	0	9
Mira Beach	Asia	Malaysia	East Coast Islands	Perhentian Islands	Perhentian Kecil Island	NULL	South China Sea	5.899556, 102.715130	6.2	8	7.5	6.5	5	6.5	6	9.5	8	5.5	5	5	4	9	0	7.5
Agios Gordis	Europe	Greece	Ionian Islands	Corfu	NULL	NULL	Ionian Sea	39.373926, 20.068857	3.6	5	5	5	7	2	5	7.5	5	2.5	0	3.5	5	0	0	1
Long Beach	Asia	Malaysia	East Coast Islands	Perhentian Islands	Perhentian Kecil Island	NULL	South China Sea	5.919152, 102.722029	6.1	8.2	7.8	5	1.5	8.7	6	7.5	9.5	5	4	4	5	9.5	0	9.1
Turtle Beach	Asia	Malaysia	East Coast Islands	Perhentian Islands	Perhentian Kecil Island	NULL	South China Sea	5.937516, 102.720286	5.7	8.5	8.5	7	9.8	0	6.5	9.8	9.8	3.5	3	3.5	3	9	0	3
Flora Bay Beach	Asia	Malaysia	East Coast Islands	Perhentian Islands	Perhentian Besar Island	NULL	South China Sea	5.893449, 102.749582	6	7.5	7.5	4	4	8	5.5	8.3	8.3	5.5	5.5	5.5	4	9	0	7.5
Teluk Keke Beaches	Asia	Malaysia	East Coast Islands	Perhentian Islands	Perhentian Besar Island	NULL	South China Sea	5.886723, 102.740091	7	8.2	7	8	3	8	6	8.5	4.5	7.3	7.5	7.4	6	9.5	6	8
Gardenos Beach	Europe	Greece	Ionian Islands	Corfu	NULL	NULL	Ionian Sea	39.394508, 20.022990	NULL	NULL	NULL	NULL	NULL	NULL	NULL	NULL	NULL	NULL	NULL	NULL	NULL	NULL	NULL	NULL
Southwest Beaches	Asia	Malaysia	East Coast Islands	Perhentian Islands	Perhentian Besar Island	NULL	South China Sea	5.893710, 102.738087	5.8	8	8.3	3.5	4	8.2	5.5	8.5	6	5	4	4.2	3.5	9	1	8
Northwest Beaches	Asia	Malaysia	East Coast Islands	Perhentian Islands	Perhentian Besar Island	NULL	South China Sea	5.901596, 102.739220	6.8	8.2	8.7	5.5	3.5	8.3	6	8.5	9	6.5	7.8	7.5	4	9.5	0	8.5
Santa Barbara Beach	Europe	Greece	Ionian Islands	Corfu	NULL	NULL	Ionian Sea	39.412059, 19.986875	5	5	7	5	2.5	10	5	7	5	4	0	5	5	7	0	8
Perhentian Island Resort Beach	Asia	Malaysia	East Coast Islands	Perhentian Islands	Perhentian Besar Island	NULL	South China Sea	5.902953, 102.742888	7.1	8.5	9	6	9	8.5	6	9.7	9.5	6.5	5.5	6	5	9	0	8
Turtle Beach	Asia	Malaysia	East Coast Islands	Perhentian Islands	Perhentian Besar Island	NULL	South China Sea	5.910751, 102.752179	5.4	9	8	7	8	0	6	9	9.5	4.5	4.5	4.5	6	5	0	0
Batu Ferringhi Beach	Asia	Malaysia	West Coast Islands	Penang Island	NULL	NULL	Andaman Sea	5.473232, 100.245826	4.8	8.3	8	3.5	2	10	0.3	6.5	9.8	1	0	0	3	10	0	10
Teluk Bahang Beach	Asia	Malaysia	West Coast Islands	Penang Island	NULL	NULL	Andaman Sea	5.461406, 100.217095	4.9	8.5	7.5	4	4	9.8	0.3	6	9.7	1.5	0	0	3	10	0	9
Monkey Beach	Asia	Malaysia	West Coast Islands	Penang Island	NULL	NULL	Andaman Sea	5.470348, 100.189321	4.3	8	6	5	5	2	0.5	8.5	9	2	0	0	4	9.7	4	1
Mushroom Beach	Asia	Indonesia	Bali	Klungkung Regency	Nusa Lembongan	NULL	Indian Ocean	-8.682284, 115.433459	5	8	7	2.5	1	9	5	7	7	5	5.7	4.2	0	5	0	8.5
Marathias Beach	Europe	Greece	Ionian Islands	Corfu	NULL	NULL	Ionian Sea	39.414398, 19.983440	4.7	5	4	4	4	10	5	7	5	3.5	0	2.5	5	5	0	10
Agios Georgios Beach-Argirades	Europe	Greece	Ionian Islands	Corfu	NULL	NULL	Ionian Sea	39.421644, 19.965691	4.8	5	5	4	5	10	5	5	4	3.5	0	4	4	7	1	10
Dream Beach	Asia	Indonesia	Bali	Klungkung Regency	Nusa Lembongan	NULL	Indian Ocean	-8.690840, 115.433347	4.9	8.3	8	6	2	8.5	3	8.5	5	3	2	0.5	0	9.5	0	8.5
Beach ISSOS	Europe	Greece	Ionian Islands	Corfu	NULL	NULL	Ionian Sea	39.431660, 19.932985	5.9	8	6	7.5	5	10	5	8	9	4	0	2	5	9.5	1	9
Gili Sudak East Beach	Asia	Indonesia	Nusa Tenggara-West	Lombok	Gili Sudak	NULL	Flores Sea	-8.725594, 116.027844	6.3	7.5	7.5	6	7.5	6.5	5.5	8.6	7.5	5	5.6	5.6	8	6	1	6
Gili Nanggu Beaches	Asia	Indonesia	Nusa Tenggara-West	Lombok	Gili Nanggu	NULL	Flores Sea	-8.719067, 116.010472	6.5	8	8	7	8	7	5.5	8.8	8	6.5	6	6	6	7	0	5
Tulamben Beach	Asia	Indonesia	Bali	Karangasem Regency	NULL	NULL	Bali Sea	-8.278703, 115.595466	4.3	0	5	1	4	8	7	7.7	0	8	6	6.2	1	2	0	8
White sand beach	Asia	Indonesia	Bali	Karangasem Regency	NULL	NULL	Bali Sea	-8.498294, 115.611847	5	8	8	4	5	5	6	8.7	8.5	5	4	4.3	0	7	0	1
Coral Beach	Asia	Israel	Southern District	NULL	NULL	NULL	Red Sea	29.509561, 34.922865	5.9	5.5	8.3	4.5	5	7.5	8.2	8.7	2	8	7.8	7.9	0	8	0	7
Dolphin Reef Beach	Asia	Israel	Southern District	NULL	NULL	NULL	Red Sea	29.526349, 34.936023	4.2	5.7	8.7	4	4	6	7.5	8.8	5	5	0.6	2.5	0	3	0	1.5
South Beach	Asia	Jordan	Aqaba Governorate	NULL	NULL	NULL	Red Sea	29.430699, 34.974750	5.1	4.3	5	2	4	7.5	8.5	8.2	3	7.8	7.8	7.8	0	5	1	5
Tala Bay Beach	Asia	Jordan	Aqaba Governorate	NULL	NULL	NULL	Red Sea	29.411107, 34.977855	5.4	4	9	3	5	8.5	7.5	8.5	1.5	7.5	6.7	7	0	6	0	7
Sharm El Arab Bay Beach	Africa	Egypt	Western Red Sea Shore	Makadi Bay	NULL	NULL	Red Sea	26.965857, 33.920411	6.6	7.4	9	7	4	8	8.5	9.1	7	8.5	8.3	8.4	1	5	0	7.5
Northern Beaches	Africa	Egypt	Western Red Sea Shore	Makadi Bay	NULL	NULL	Red Sea	26.998219, 33.908597	6.6	8.1	9.8	6	4	9	8.5	9.5	2	8	8	8	0	9.5	0	8.5
Central Beaches	Africa	Egypt	Western Red Sea Shore	Makadi Bay	NULL	NULL	Red Sea	26.992186, 33.899652	6.4	8	8.5	4	3	9	8	8.5	6	8	7.5	7.7	0	8.5	0	9
Southern Beaches	Africa	Egypt	Western Red Sea Shore	Makadi Bay	NULL	NULL	Red Sea	26.986846, 33.909759	6.2	7.5	8.3	3.5	1.5	9	8.5	9	2	8.5	8.5	8.5	0	9.5	0	9
Halikounas Beach	Europe	Greece	Ionian Islands	Corfu	NULL	NULL	Ionian Sea	39.449522, 19.881029	4.5	7.5	6.5	5	5	3	5.5	8	9	2.5	0	1	3	9	1	2
Kalamaki Beach	Europe	Greece	Ionian Islands	Zakynthos	NULL	NULL	Ionian Sea	37.736139, 20.900738	5.4	8.1	8	4.3	3.5	8.3	5	9.5	8.5	3	0	2	3	9	0	9
Laganas Beach	Europe	Greece	Ionian Islands	Zakynthos	NULL	NULL	Ionian Sea	37.724958, 20.868011	3.8	7.7	4	2	0.5	8.6	4	4	9	1	0	0	1	6	0	8.7
Gerakas Beach	Europe	Greece	Ionian Islands	Zakynthos	NULL	NULL	Ionian Sea	37.706603, 20.987397	5.4	7.5	8.3	7	5	7	5.5	9.6	8.7	3	0	3	0	8.1	0	8
Porto Zoro Beach	Europe	Greece	Ionian Islands	Zakynthos	NULL	NULL	Ionian Sea	37.739804, 20.960426	4.3	4.5	9	5.5	2	7	5.5	9	3	3	0	3	4	2	0	7
Banana Beach	Europe	Greece	Ionian Islands	Zakynthos	NULL	NULL	Ionian Sea	37.732326, 20.980490	5	8.2	8	4.5	2.7	8	5	8.6	9	2	0	1	2	8	0	8
Navagio Beach	Europe	Greece	Ionian Islands	Zakynthos	NULL	NULL	Ionian Sea	37.859577, 20.624688	4.2	8	8.8	9.5	5	0	7	9.5	9.5	2	0	1	1	1	0	0
Tsilivi Beach	Europe	Greece	Ionian Islands	Zakynthos	NULL	NULL	Ionian Sea	37.816386, 20.874289	4.7	7.8	7.5	2.8	2	7.8	4.5	8.1	8.5	2	0	1.5	2.4	7.6	0	8.3
Koroni Beach	Europe	Greece	Ionian Islands	Kefalonia	NULL	NULL	Ionian Sea	38.080481, 20.690658	3.9	5	7.5	6	5	1	5	9.5	4	3	0	1	4	6	1	1
Kaminia Beach	Europe	Greece	Ionian Islands	Kefalonia	NULL	NULL	Ionian Sea	38.067605, 20.770433	4.7	7	6.7	5	7.7	5	5	9.4	5	3	0	1.3	4	8	0	3.5
Mytros Beach	Europe	Greece	Ionian Islands	Kefalonia	NULL	NULL	Ionian Sea	38.342736, 20.535836	5.2	7	7.7	9	3.3	6	6	9.5	7	3	0	1.5	7	6	0	5
Petani Beach	Europe	Greece	Ionian Islands	Kefalonia	NULL	NULL	Ionian Sea	38.260716, 20.376367	4.8	5	8.4	7.8	4	5	7	9.7	4	3	0	2	8	5	0	3
Antisamos Beach	Europe	Greece	Ionian Islands	Kefalonia	NULL	NULL	Ionian Sea	38.260403, 20.674454	3.6	2.5	7.7	5	5	3.7	6	8.7	3	3	0	2.5	2.5	3	0	2
Makris Gialos Beach	Europe	Greece	Ionian Islands	Kefalonia	NULL	NULL	Ionian Sea	38.154253, 20.481107	5.5	8	7.8	5	2.5	8.7	6.5	8.7	8.7	3	0	2.5	3.5	8.5	0	9
Paramonas Beach	Europe	Greece	Ionian Islands	Corfu	NULL	NULL	Ionian Sea	39.501987, 19.852687	4.3	4.5	4.5	3.5	3	8	5	5	5.5	3.5	0	1.5	5	8	0	8
Gyaliskari Beach	Europe	Greece	Ionian Islands	Corfu	NULL	NULL	Ionian Sea	39.577966, 19.825425	2.9	3.5	3.5	4.5	1	5	5	5	3.5	2.5	0	3.5	5	0.5	0	1
Playa de illetas	Europe	Spain	Balearic Islands	Formentera	NULL	NULL	Mediterranean Sea 	38.759824, 1.435485	5.4	8.2	7.8	7	5	5	7.7	9	9	3.5	0	1.5	1.5	9.5	1	5
